,source,translation,reference,bleu-score,chrf-score,ter-score,id,qual,error-type
0,"Dance was one of the inspirations for the exodus - song ``The Toxic Waltz '', from their 1989 album`` Fabulous Disaster''.","Der Tanz war eine der Inspirationen für den Exodus-Song „The Toxic Waltz“, von ihrem 1989er Album „Fabulous Disaster''.",Dance war eine der Inspirationen für das Exodus-Lied „The Toxic Waltz“ von ihrem 1989er Album „Fabulous Disaster“.,42.849450901003145,78.9628236142824,35.294117647058826,19017,good,do-not-translate
1,"Dance was one of the inspirations for the exodus - song ``The Toxic Waltz '', from their 1989 album`` Fabulous Disaster''.","Der Tanz war eine der Inspirationen für den Exodus-Song „Der Toxische Walzer“, von ihrem 1989er Album „Fabulous Disaster''.",Dance war eine der Inspirationen für das Exodus-Lied „The Toxic Waltz“ von ihrem 1989er Album „Fabulous Disaster“.,36.71108520099891,70.01563732671875,47.05882352941176,19017,bad,do-not-translate
2,"Their music is considered by many as alternative metal with rap metal and industrial metal influences. According to previous interviews, they consider themselves ``murder rock ''.","Ihre Musik wird von vielen als alternativer Metal mit Rap Metal- und Industrial Metal-Einflüssen angesehen, die sich laut früheren Interviews als „murder - rock“ bezeichnen.",Ihre Musik wird von vielen für Alternative Metal mit Einflüssen von Rap Metal und Industrial Metal gehalten. In früheren Interviews bezeichnen sie sich selbst als „Murder Rock”.,18.558816000270507,65.09164658822583,55.55555555555556,19018,good,do-not-translate
3,"Their music is considered by many as alternative metal with rap metal and industrial metal influences. According to previous interviews, they consider themselves ``murder rock ''.","Ihre Musik wird von vielen als alternativer Metal mit Rap Metal- und Industrial Metal-Einflüssen angesehen, die sich laut früheren Interviews als „mord - rock“ bezeichnen.",Ihre Musik wird von vielen für Alternative Metal mit Einflüssen von Rap Metal und Industrial Metal gehalten. In früheren Interviews bezeichnen sie sich selbst als „Murder Rock”.,18.558816000270507,64.36622044906395,59.25925925925925,19018,bad,do-not-translate
4,"She appeared in July 2016 as Joseph Conrad in ``The Secret Agent '', based on the same novel by Winnie Verloc.","""Im Juli 2016 erschien sie als Joseph Conrad in """"The Secret Agent"""", der auf dem gleichnamigen Roman von Winnie Verloc beruht.""","Sie erschien im Juli 2016 als Joseph Conrad in „The Secret Agent“, basierend auf dem gleichen Roman von Winnie Verloc.",20.58740953537466,70.81727270875682,45.0,19019,good,do-not-translate
5,"She appeared in July 2016 as Joseph Conrad in ``The Secret Agent '', based on the same novel by Winnie Verloc.","""Im Juli 2016 erschien sie als Joseph Conrad in """"Der Geheimagent"""", der auf dem gleichnamigen Roman von Winnie Verloc beruht.""","Sie erschien im Juli 2016 als Joseph Conrad in „The Secret Agent“, basierend auf dem gleichen Roman von Winnie Verloc.",21.023693683267553,62.306639616461766,50.0,19019,bad,do-not-translate
6,"``Lupinus bicolor ''has a thin stem and short, hairy, palmately-arranged leaves.","„Lupinus bicolor“ hat einen dünnen Stiel und kurze, pelzige, handförmige Blätter.","„Lupinus bicolor“ hat einen dünnen Stiel und kurze, pelzige, handförmig zusammengesetzte Blätter.",75.33291439517507,82.1379050313444,16.666666666666664,19020,good,do-not-translate
7,"``Lupinus bicolor ''has a thin stem and short, hairy, palmately-arranged leaves.","„Zweifarbige Lupine“ hat einen dünnen Stiel und kurze, pelzige, handförmige Blätter.","„Lupinus bicolor“ hat einen dünnen Stiel und kurze, pelzige, handförmig zusammengesetzte Blätter.",60.05355991288572,68.06200697901637,33.33333333333333,19020,bad,do-not-translate
8,"The character and cast was revealed on November 20, when Fotiou was published behind the scenes in a video seen by the ``Neighbours ''on their YouTube channel.","Rolle und Casting wurden am 20. November bekanntgegeben, als Fotiou in einem Video hinter den Kulissen der Serie „Neighbours“ zu sehen war, veröffentlicht über den YouTube-Kanal der Serie.","Die Figur und Besetzung wurden am 20. November veröffentlicht, als Fotiou mit einem Video hinter den Kulissen veröffentlicht wurde, das von den „Neighbours“ auf ihrem YouTube-Kanal gesehen wurde.",28.381756881487178,58.149160250355,57.14285714285714,19021,good,do-not-translate
9,"The character and cast was revealed on November 20, when Fotiou was published behind the scenes in a video seen by the ``Neighbours ''on their YouTube channel.","Rolle und Casting wurden am 20. November bekanntgegeben, als Fotiou in einem Video hinter den Kulissen der Serie „Nachbarn“ zu sehen war, veröffentlicht über den YouTube-Kanal der Serie.","Die Figur und Besetzung wurden am 20. November veröffentlicht, als Fotiou mit einem Video hinter den Kulissen veröffentlicht wurde, das von den „Neighbours“ auf ihrem YouTube-Kanal gesehen wurde.",28.02013200056329,53.60276614778865,57.14285714285714,19021,bad,do-not-translate
10,"The first track, ``Every Morning ''is the acoustic guitar version of the last track`` Morning''.",Das erste Stück „Every Morning“ ist die akustische Version der letzten Gitarrenversion von „Morning“.,"Der erste Song, „Every Morning“, ist die Akustikgitarren-Version des letzten Songs „Morning“.",9.782375748961453,56.80029512970726,66.66666666666666,19022,good,do-not-translate
11,"The first track, ``Every Morning ''is the acoustic guitar version of the last track`` Morning''.",Das erste Stück „Jeden Morgen“ ist die akustische Version der letzten Gitarrenversion von „Morning“.,"Der erste Song, „Every Morning“, ist die Akustikgitarren-Version des letzten Songs „Morning“.",8.225964699966553,46.32751868396788,75.0,19022,bad,do-not-translate
12,"The rudiments of the system theories can be seen in Julian Steward's ''Seasonal Variation of Eskimo ``, which was later repeated in Marcel Mauss' work.",Die Grundzüge der Systemtheorien werden in „Seasonal Variation of Eskimo“ von Julian Steward erläutert und später im Buch von Marcel Mauss erneut aufgegriffen.,Die Grundzüge der Systemtheorien wurden in „Seasonal Variation of Eskimo“ von Julian Steward dargelegt und später im Buch von Marcel Mauss wieder aufgegriffen.,65.31420255892324,84.56208631392855,13.043478260869565,19023,good,do-not-translate
13,"The rudiments of the system theories can be seen in Julian Steward's ''Seasonal Variation of Eskimo ``, which was later repeated in Marcel Mauss' work.",Die Grundzüge der Systemtheorien werden in „Saisonale Variation von Eskimo“ von Julian Steward erläutert und später im Buch von Marcel Mauss erneut aufgegriffen.,Die Grundzüge der Systemtheorien wurden in „Seasonal Variation of Eskimo“ von Julian Steward dargelegt und später im Buch von Marcel Mauss wieder aufgegriffen.,47.8219647449668,76.3446156096968,21.73913043478261,19023,bad,do-not-translate
14,"The album was recorded in Los Angeles by Aníbal Kerpel. Mixed in ``La Casa ''studies in Los Angeles, California.","Dieses Album wurde in Los Angeles, Kalifornien von Aníbal Kerpel aufgenommen, gemischt in „La Casa“ Studios in Los Angeles.","Das Album wurde in Los Angeles von Aníbal Kerpel aufgenommen. Gemischt in „La Casa“ Studien in Los Angeles, Kalifornien.",49.48809082921242,85.47469736142028,31.57894736842105,19024,good,do-not-translate
15,"The album was recorded in Los Angeles by Aníbal Kerpel. Mixed in ``La Casa ''studies in Los Angeles, California.","Dieses Album wurde in Los Angeles, Kalifornien von Aníbal Kerpel aufgenommen, gemischt in „Das Haus“ Studios in Los Angeles.","Das Album wurde in Los Angeles von Aníbal Kerpel aufgenommen. Gemischt in „La Casa“ Studien in Los Angeles, Kalifornien.",44.74935415497116,77.77754663818544,42.10526315789473,19024,bad,do-not-translate
16,"A character in ``Detection Unlimited '', a mystery novel written by Armstrong, is compared to Georgette Heyer.","In „Detection Unlimited“, einem Detektivroman von Armstrong wird eine Figur mit Georgette Heyer verglichen.",Eine Figur in Armstrongs Kriminalroman „Detection Unlimited” wird mit Georgette Heyer verglichen.,25.748661016289674,71.25693429878571,58.333333333333336,19025,good,do-not-translate
17,"A character in ``Detection Unlimited '', a mystery novel written by Armstrong, is compared to Georgette Heyer.","In „Der Mörder von nebenan“, einem Detektivroman von Armstrong wird eine Figur mit Georgette Heyer verglichen.",Eine Figur in Armstrongs Kriminalroman „Detection Unlimited” wird mit Georgette Heyer verglichen.,21.86976686325118,55.970117637821325,75.0,19025,bad,do-not-translate
18,"Immediately after reading Aamir Khan's script, Mehra agreed to play in ``Rang De Basanti ''.","Mehra sagte „Rang De Basanti“ sofort zu, nachdem sie das Drehbuch von Aamir Khan gelesen hatte.","Gleich nachdem sie das Skript von Aamir Khan gelesen hatte, erklärte sich Mehra bereit, in „Rang De Basanti“ mitzuspielen.",28.139181048665975,52.372426683695736,63.1578947368421,19026,good,do-not-translate
19,"Immediately after reading Aamir Khan's script, Mehra agreed to play in ``Rang De Basanti ''.","Mehra sagte „Die Farbe Safran“ sofort zu, nachdem sie das Drehbuch von Aamir Khan gelesen hatte.","Gleich nachdem sie das Skript von Aamir Khan gelesen hatte, erklärte sich Mehra bereit, in „Rang De Basanti“ mitzuspielen.",23.316611078061587,42.757240336864974,89.47368421052632,19026,bad,do-not-translate
20,"The ``International Phonetic Alphabet ''consists of 500 supplementary, 300 ground and 200 complementary symbols.","Das „IPA“ enthält ingesamt 500 Symbole, 300 Grundsymbole und 200 Zusatzsymbole.","Das Internationale Phonetische Alphabet besteht aus 500 zusätzlichen, 300 Basis-, und 200 ergänzenden Zeichen.",7.387561680614721,16.720766373316977,64.28571428571429,19027,good,do-not-translate
21,"The ``International Phonetic Alphabet ''consists of 500 supplementary, 300 ground and 200 complementary symbols.","Das „International Phonetic Alphabet“ enthält ingesamt 500 Symbole, 300 Grundsymbole und 200 Zusatzsymbole.","Das Internationale Phonetische Alphabet besteht aus 500 zusätzlichen, 300 Basis-, und 200 ergänzenden Zeichen.",7.4819983481310155,35.778711927808295,64.28571428571429,19027,bad,do-not-translate
22,The species was first formally described by the botanist Stephan Endlicher in 1846 as part of the work ``Irideae Plantae Preissianae ''by Johann Georg Christian Lehmann.,Die Art wurde erstmals 1846 vom Botaniker Stephan Endlicher im Rahmen von Johann Georg Christian Lehmanns Werk formal als „Irideae Plantae Preissianae“ beschrieben.,"Die Spezies wurde erstmals 1846 vom Botaniker Stephan Endlicher formell beschrieben, im Zuge des Werks „Irideae Plantae Preissianae“ von Johann Georg Christian Lehmann.",40.26617981948598,77.45435968431799,39.130434782608695,19028,good,do-not-translate
23,The species was first formally described by the botanist Stephan Endlicher in 1846 as part of the work ``Irideae Plantae Preissianae ''by Johann Georg Christian Lehmann.,Die Art wurde erstmals 1846 vom Botaniker Stephan Endlicher im Rahmen von Johann Georg Christian Lehmanns Werk formal als „Iris-Pflanzen“ beschrieben.,"Die Spezies wurde erstmals 1846 vom Botaniker Stephan Endlicher formell beschrieben, im Zuge des Werks „Irideae Plantae Preissianae“ von Johann Georg Christian Lehmann.",35.340450826926705,64.48692493706884,47.82608695652174,19028,bad,do-not-translate
24,"He became Chiyonofuji, then a ``Makuuchi ''Wrestler, to the great`` Yokozuna'', which he raised.","""Er wurde Chiyonofuji, dann ein """"Makuuchi"""" Ringer und stieg schließlich auf zu dem großartigen """"Yokozuna"""".""","Er wurde Chiyonofuji, dann ein „Makuuchi“ Ringer, zum großen „Yokozuna“, den er aufzog.",18.373344524824244,57.30831775157087,84.61538461538461,19029,good,do-not-translate
25,"He became Chiyonofuji, then a ``Makuuchi ''Wrestler, to the great`` Yokozuna'', which he raised.","""Er wurde Chiyonofuji, dann ein Ringer in der höchsten Profisumo-Liga und stieg schließlich auf zu dem großartigen """"Yokozuna"""".""","Er wurde Chiyonofuji, dann ein „Makuuchi“ Ringer, zum großen „Yokozuna“, den er aufzog.",19.12481314888403,50.56208561587873,107.6923076923077,19029,bad,do-not-translate
26,"``Angel Eyes ''is a 1946 popular song composed by Earl Brent, with lyrics by Matt Dennis.","„Angel Eyes“ ist ein populäres Lied von 1946, komponiert von Earl Brent, mit Texten von Matt Dennis.","„Angel Eyes“ ist ein beliebter Song aus dem Jahr 1946, komponiert von Earl Brent mit einem Text von Matt Dennis.",44.16520797905812,62.5432800845116,40.0,19030,good,do-not-translate
27,"``Angel Eyes ''is a 1946 popular song composed by Earl Brent, with lyrics by Matt Dennis.","„Engelsaugen“ ist ein populäres Lied von 1946, komponiert von Earl Brent, mit Texten von Matt Dennis.","„Angel Eyes“ ist ein beliebter Song aus dem Jahr 1946, komponiert von Earl Brent mit einem Text von Matt Dennis.",35.59407493488011,54.33529957715889,50.0,19030,bad,do-not-translate
28,"In 2011 he also wrote the biography of singer Madonna entitled ``Mad for Madonna The Queen of Pop '', published by Castelvecchi Publisher.",2011 schrieb er auch die Biographie der Sängerin Madonna mit dem Titel „Mad for Madonna. The queen of pop“ veröffentlicht von Castelvecchi Publisher.,"2011 schrieb er auch die Biographie der Sängerin Madonna mit dem Titel „Mad for Madonna The Queen of Pop“, veröffentlicht vom Verleger Castelvecchi.",61.587874428306336,80.74091046611746,21.73913043478261,19031,good,do-not-translate
29,"In 2011 he also wrote the biography of singer Madonna entitled ``Mad for Madonna The Queen of Pop '', published by Castelvecchi Publisher.",2011 schrieb er auch die Biographie der Sängerin Madonna mit dem Titel „Mad for Madonna. Die Königin des Pop“ veröffentlicht von Castelvecchi Publisher.,"2011 schrieb er auch die Biographie der Sängerin Madonna mit dem Titel „Mad for Madonna The Queen of Pop“, veröffentlicht vom Verleger Castelvecchi.",60.803155291661916,78.08311000718071,34.78260869565217,19031,bad,do-not-translate
30,"The season 2008 -- 09 Colorado Avalanche was the 37th season of the franchise, 30th in the National Hockey League and the 14th as Colorado Avalanche.","Die Saison 2008/2009 war die 37. Saison von Colorado Avalanche als Franchisemannschaft, die 30. in der National Hockey League und die 14. unter dem Namen „Colorado Avalanche“.","Die Saison 2008/2009 war für Colorado Avalanche die 37. Saison als Franchisemannschaft, die 30. in der National Hockey League und die 14. unter dem Namen „Colorado Avalanche“.",82.92634507372722,92.79101141319393,7.4074074074074066,19032,good,do-not-translate
31,"The season 2008 -- 09 Colorado Avalanche was the 37th season of the franchise, 30th in the National Hockey League and the 14th as Colorado Avalanche.","Die Saison 2008/2009 war die 37. Saison von Colorado Lawine als Franchisemannschaft, die 30. in der National Hockey League und die 14. unter dem Namen „Colorado Lawine“.","Die Saison 2008/2009 war für Colorado Avalanche die 37. Saison als Franchisemannschaft, die 30. in der National Hockey League und die 14. unter dem Namen „Colorado Avalanche“.",75.97086759211803,81.14684890646882,14.814814814814813,19032,bad,do-not-translate
32,"In 2011 he also published the biography of singer Madonna entitled ``Mad for Madonna, Queen of Pop '', wrote Castelvecchi Publisher.","2011 veröffentlichte er auch die Biografie der Sängerin Madonna mit dem Titel „Mad for Madonna. The queen of pop“, schrieb der Verlag Castelvecchi.","""Im Jahr 2011 veröffentlichte er auch die Biographie der Sängerin Madonna mit dem Titel „Mad for Madonna, Queen of Pop"""", schrieb der Castelvecchi-Verlag.""",43.33246879332667,77.47386936761498,34.78260869565217,19033,good,do-not-translate
33,"In 2011 he also published the biography of singer Madonna entitled ``Mad for Madonna, Queen of Pop '', wrote Castelvecchi Publisher.","2011 veröffentlichte er auch die Biografie der Sängerin Madonna mit dem Titel „Verrückt nach Madonna. Die Königin des Pop“, schrieb der Verlag Castelvecchi.","""Im Jahr 2011 veröffentlichte er auch die Biographie der Sängerin Madonna mit dem Titel „Mad for Madonna, Queen of Pop"""", schrieb der Castelvecchi-Verlag.""",32.08968991635764,68.47934858987966,52.17391304347826,19033,bad,do-not-translate
34,"It was directed by Willard Mack and is based on a 1917 play, ``Tiger Rose '', by George Fitzmaurice.","Es wurde von Willard Mack inszeniert und basiert auf einem Theaterstück von 1917, „Tiger Rose“, von George Fitzmaurice.","Es wurde von Willard Mack inszeniert und basiert auf einem Stück von 1917, „Tiger Rose“, von George Fitzmaurice.",86.5603055254171,94.7468839673536,5.555555555555555,19034,good,do-not-translate
35,"It was directed by Willard Mack and is based on a 1917 play, ``Tiger Rose '', by George Fitzmaurice.","Es wurde von Willard Mack inszeniert und basiert auf einem Theaterstück von 1917, „Tiger-Rose“, von George Fitzmaurice.","Es wurde von Willard Mack inszeniert und basiert auf einem Stück von 1917, „Tiger Rose“, von George Fitzmaurice.",67.31407775173051,91.85494192864181,16.666666666666664,19034,bad,do-not-translate
36,"In July 2017, Elmer McCurdy was the theme of an episode of ``The Memory Palace ''with Nate DiMeo.",Im Juli 2017 ging es in einer Folge von „The Memory Palace“ mit Nate DiMeo um Elmer McCurdy.,Im Juli 2017 war Elmer McCurdy Thema einer Folge von „The Memory Palace“ mit Nate DiMeo.,54.017258985951415,80.24295107109548,43.75,19035,good,do-not-translate
37,"In July 2017, Elmer McCurdy was the theme of an episode of ``The Memory Palace ''with Nate DiMeo.",Im Juli 2017 ging es in einer Folge von „Palast der Erinnerung“ mit Nate DiMeo um Elmer McCurdy.,Im Juli 2017 war Elmer McCurdy Thema einer Folge von „The Memory Palace“ mit Nate DiMeo.,19.18420840845653,58.27437772352862,62.5,19035,bad,do-not-translate
38,"He eventually made, in ``Western Republican '', one of the first botanical collections published in Ohio by a professional botanist.","Er schuf schließlich, im „Western Republican“, eine der ersten botanischen Sammlungen, die in Ohio von einem professionellen Botaniker veröffentlicht wurden.","Schließlich veröffentlichte er im „Western Republican” eine der ersten botanischen Sammlungen, die in Ohio von einem professionellen Botaniker veröffentlicht wurden.",67.331874553513,84.76088273515182,20.0,19036,good,do-not-translate
39,"He eventually made, in ``Western Republican '', one of the first botanical collections published in Ohio by a professional botanist.","Er schuf schließlich, im „Westlichen Republikaner“, eine der ersten botanischen Sammlungen, die in Ohio von einem professionellen Botaniker veröffentlicht wurden.","Schließlich veröffentlichte er im „Western Republican” eine der ersten botanischen Sammlungen, die in Ohio von einem professionellen Botaniker veröffentlicht wurden.",65.31420255892324,81.21462181215044,25.0,19036,bad,do-not-translate
40,They were developed by CyberConnect2 and published by Namco Bandai starting with ``Naruto: Ultimate Ninja ''in 2005.,Sie wurden von CyberConnect2 entwickelt und von Namco Bandai ab 2005 mit „Naruto: Ultimate Ninja” veröffentlicht.,"Sie wurden von CyberConnect2 entwickelt und von Namco Bandai veröffentlicht, den Auftakt machte „Naruto: Ultimate Ninja“ im Jahr 2005.",44.80640212080463,74.52120721656789,42.10526315789473,19037,good,do-not-translate
41,They were developed by CyberConnect2 and published by Namco Bandai starting with ``Naruto: Ultimate Ninja ''in 2005.,Sie wurden von CyberVerbinde2 entwickelt und von Namco Bandai ab 2005 mit „Naruto: Ultimate Ninja” veröffentlicht.,"Sie wurden von CyberConnect2 entwickelt und von Namco Bandai veröffentlicht, den Auftakt machte „Naruto: Ultimate Ninja“ im Jahr 2005.",28.139181048665975,66.6207114159869,47.368421052631575,19037,bad,do-not-translate
42,"The final line of the third verse was changed during the reign of Alexander I of Yugoslavia in ``Kralja Aleksandra, Bože hrani ''.","Die letzte Zeile des dritten Verses wurde geändert in „Kralja Aleksandra, Bože hrani“,' während der Herrschaft von Alexander I. von Jugoslawien.","Die letzte Zeile des dritten Verses wurde während der Herrschaft Alexander I. von Jugoslawien in „Kralja Aleksandra, Bože hrani“ geändert.",59.755453427042326,89.83943625058123,35.0,19038,good,do-not-translate
43,"The final line of the third verse was changed during the reign of Alexander I of Yugoslavia in ``Kralja Aleksandra, Bože hrani ''.","Die letzte Zeile des dritten Verses wurde geändert in „König Alexander, Gott Segne Ihn“,' während der Herrschaft von Alexander I. von Jugoslawien.","Die letzte Zeile des dritten Verses wurde während der Herrschaft Alexander I. von Jugoslawien in „Kralja Aleksandra, Bože hrani“ geändert.",41.348528734771456,70.65918462767968,50.0,19038,bad,do-not-translate
44,"Clovis Kalyebara was born in the ``Kabarole District '', Kichwamba Sub County, in the village of Harugongo, Western Uganda.",Clovis Kalyebara wurde im Kabarole District im Kichwamba Sub County von Harugongo Village in West-Uganda geboren.,"Clovis Kalyebara wurde in Harugongo geboren, einem Dorf im „Kabarole District“, Subcounty Kichwamba, West-Uganda.",10.845665754777512,66.16710288914383,92.85714285714286,19039,good,do-not-translate
45,"Clovis Kalyebara was born in the ``Kabarole District '', Kichwamba Sub County, in the village of Harugongo, Western Uganda.",Clovis Kalyebara wurde im Distrikt Kabarole im Kichwamba Sub County von Harugongo Village in West-Uganda geboren.,"Clovis Kalyebara wurde in Harugongo geboren, einem Dorf im „Kabarole District“, Subcounty Kichwamba, West-Uganda.",10.845665754777512,61.836688516387426,92.85714285714286,19039,bad,do-not-translate
46,"Battlepug is a webcomic by Mike Norton, written by Allen Passalaqua, written and illustrated by Chris Crank.","Der Webcomic „Battlepug“ wurde koloriert von Mike Norton, beschriftet von Allen Passalaqua und geschrieben und illustriert von Chris Crank.","Battlepug ist ein Webcomic von Mike Norton, geschrieben von Allen Passalaqua und Chris Crank, der auch für die Illustration verantwortlich war.",23.129802629123482,56.93395573658363,66.66666666666666,19040,good,do-not-translate
47,"Battlepug is a webcomic by Mike Norton, written by Allen Passalaqua, written and illustrated by Chris Crank.","Der Webcomic „Kampf-Mops“ wurde koloriert von Mike Norton, beschriftet von Allen Passalaqua und geschrieben und illustriert von Chris Crank.","Battlepug ist ein Webcomic von Mike Norton, geschrieben von Allen Passalaqua und Chris Crank, der auch für die Illustration verantwortlich war.",23.129802629123482,51.998481813620636,66.66666666666666,19040,bad,do-not-translate
48,"The group released ``Itunes Session -- EP ''on August 23, containing four alternative songs and an acoustic version of`` Fold Your Hands Child''.",Am 23. August veröffentlichte die Gruppe die „Itunes Session -- EP“ mit vier alternativen Songs und einer akustischen Version von „Fold Your Hands Child“.,"""Die Band publizierte """"Itunes Session -- EP"""" am 23. August, die vier alternative Songs und eine akustische Fassung von """"Fold Your Hands Child"""" enthielt.""",6.39024866890205,56.35318209500767,70.83333333333334,19041,good,do-not-translate
49,"The group released ``Itunes Session -- EP ''on August 23, containing four alternative songs and an acoustic version of`` Fold Your Hands Child''.",Am 23. August veröffentlichte die Gruppe die „Spontanes Itunes Musizieren -- EP“ mit vier alternativen Songs und einer akustischen Version von „Fold Your Hands Child“.,"""Die Band publizierte """"Itunes Session -- EP"""" am 23. August, die vier alternative Songs und eine akustische Fassung von """"Fold Your Hands Child"""" enthielt.""",6.1202820698848885,52.16696194107351,79.16666666666666,19041,bad,do-not-translate
50,"Following her success, Jane Campion hired Jones for a television miniseries that turned into the film Angel at my Table, an adaptation of Janet Frame's autobiography.","Nach ihrem Erfolg war Jane Campion Jones eine Adaptation der Autobiografie von Janet Frame für eine Fernsehminiserie, die im Film „Angel at my Table“ übernommen wurde.","Nach ihrem Erfolg engagierte Jane Campion Jones für eine TV-Miniserie, aus der der Film „Angel at my Table“, eine Adaption von Janet Frames Autobiographie, hervorging.",24.061300387881584,61.70222829435686,60.0,19042,good,do-not-translate
51,"Following her success, Jane Campion hired Jones for a television miniseries that turned into the film Angel at my Table, an adaptation of Janet Frame's autobiography.","Nach ihrem Erfolg war Jane Campion Jones eine Adaptation der Autobiografie von Janet Frame für eine Fernsehminiserie, die im Film „Ein Engel an meiner Tafel“ übernommen wurde.","Nach ihrem Erfolg engagierte Jane Campion Jones für eine TV-Miniserie, aus der der Film „Angel at my Table“, eine Adaption von Janet Frames Autobiographie, hervorging.",11.209528410149082,53.53171214519969,72.0,19042,bad,do-not-translate
52,"The first track, ``Every Morning ''is the acoustic guitar version of the last track`` Morning''.",Das erste Stück „Every Morning“ ist die akustische Version der letzten Gitarrenversion von „Morning“.,"Der erste Song, „Every Morning“, ist die Akustikgitarren-Version des letzten Songs „Morning“.",9.782375748961453,56.80029512970726,66.66666666666666,19043,good,do-not-translate
53,"The first track, ``Every Morning ''is the acoustic guitar version of the last track`` Morning''.",Das erste Stück „Every Morning“ ist die akustische Version der letzten Gitarrenversion von „Morgen“.,"Der erste Song, „Every Morning“, ist die Akustikgitarren-Version des letzten Songs „Morning“.",8.549161846379198,50.90462615447111,75.0,19043,bad,do-not-translate
54,"It was directed by George Fitzmaurice and is based on a 1917 play, ``Tiger Rose '', by Willard Mack.",Unter der Regie von George Fitzmaurice basiert es auf einem Stück „Tiger Rose“ von Willard Mack aus dem Jahr 1917.,Er wurde von George Fitzmaurice gedreht und basierte auf dem Theaterstück „Tiger Rose“ von Willard Mack aus dem Jahr 1917.,50.97960527136182,70.61968075451037,40.0,19044,good,do-not-translate
55,"It was directed by George Fitzmaurice and is based on a 1917 play, ``Tiger Rose '', by Willard Mack.",Unter der Regie von George Fitzmaurice basiert es auf einem Stück „Tiger-Rose“ von Willard Mack aus dem Jahr 1917.,Er wurde von George Fitzmaurice gedreht und basierte auf dem Theaterstück „Tiger Rose“ von Willard Mack aus dem Jahr 1917.,40.39075489203361,68.25726930993585,50.0,19044,bad,do-not-translate
56,"``Dawn ''is the thirty-ninth episode (production # 213) of the TV series'', the thirteenth season of the second season.","„Dawn“ ist die neununddreißigste Episode (Produktion # 213) der Fernsehserie ``, die dreizehnte der zweiten Staffel.","„Dawn” ist die neununddreißigste Folge (Produktion Nr. 213) der Fernsehserien, die dreizehnte Folge der zweiten Staffel.",26.881064734680802,75.56496657508211,37.5,19045,good,do-not-translate
57,"``Dawn ''is the thirty-ninth episode (production # 213) of the TV series'', the thirteenth season of the second season.","„Dämmerung“ ist die neununddreißigste Episode (Produktion # 213) der Fernsehserie ``, die dreizehnte der zweiten Staffel.","„Dawn” ist die neununddreißigste Folge (Produktion Nr. 213) der Fernsehserien, die dreizehnte Folge der zweiten Staffel.",26.881064734680802,73.53363937784006,37.5,19045,bad,do-not-translate
58,"However, in current continuity, Superman meets the true Zod for the first time in ``Last Son ''.","""In der aktuellen Kontinuität trifft Superman in """"Last Son"""" zum ersten Mal den wahren Zod.""","In der aktuellen Abfolge, trifft Superman jedoch in „Last Son“ erstmals auf den echten Zod.",10.062635309001745,47.931266445456856,66.66666666666666,19046,good,do-not-translate
59,"However, in current continuity, Superman meets the true Zod for the first time in ``Last Son ''.","""""""In der aktuellen Kontinuität trifft Superman in """"Der Letzte Sohn"""" zum ersten Mal den wahren Zod.""""""","In der aktuellen Abfolge, trifft Superman jedoch in „Last Son“ erstmals auf den echten Zod.",8.085298080223225,42.992257061027786,73.33333333333333,19046,bad,do-not-translate
60,"``Trust in Me ''is a song that was written by Ned Wever, Milton Ager and Jean Schwartz.","„Trust in Me“ ist ein Lied von Jean Schwartz, Milton Ager und Ned Wever.","„Trust in Me“ ist ein Song, der von Ned Wever, Milton Ager und Jean Schwartz geschrieben wurde.",36.13782238140454,58.82097992484163,47.05882352941176,19047,good,do-not-translate
61,"``Trust in Me ''is a song that was written by Ned Wever, Milton Ager and Jean Schwartz.","„Vertrau mir“ ist ein Lied von Jean Schwartz, Milton Ager und Ned Wever.","„Trust in Me“ ist ein Song, der von Ned Wever, Milton Ager und Jean Schwartz geschrieben wurde.",18.449721823522278,46.89455187839124,64.70588235294117,19047,bad,do-not-translate
62,"They also published the 5th track on the album, ``Vices '', as the second single from the album on June 13.","""Sie veröffentlichten auch den 5. Song des Albums """"Vices"""" am 13. Juni, wie die zweite Single des Albums.""",Sie veröffentlichten auch das 5. Lied des Albums „Vices“ als zweite Singleauskopplung vom Album am 13. Juni.,15.35259783865636,57.71733373777048,70.58823529411765,19048,good,do-not-translate
63,"They also published the 5th track on the album, ``Vices '', as the second single from the album on June 13.","""Sie veröffentlichten auch den 5. Song des Albums """"Laster"""" am 13. Juni, wie die zweite Single des Albums.""",Sie veröffentlichten auch das 5. Lied des Albums „Vices“ als zweite Singleauskopplung vom Album am 13. Juni.,15.35259783865636,56.09952036133522,70.58823529411765,19048,bad,do-not-translate
64,"Nadège du Bospertus is a French model and former judge of ``Italia's Next Top Model '', the muse by Giorgio Armani and Gianni Versace.",Nadège du Bospertus ist ein französisches Model und ehemaliges Jury-Mitglied von „Italia 's Next Top Model“. Sie war die Muse von Giorgio Armani und Gianni Versace.,"Nadège du Bospertus ist ein französisches Modell, Ex-Jurymitglied bei „Italia’s Next Top Model” und Muse von Giorgio Armani und Gianni Versace.",43.55236839920004,77.48489164763457,52.38095238095239,19049,good,do-not-translate
65,"Nadège du Bospertus is a French model and former judge of ``Italia's Next Top Model '', the muse by Giorgio Armani and Gianni Versace.",Nadège du Bospertus ist ein französisches Model und ehemaliges Jury-Mitglied von „Italien 's Nächstest Top Model“. Sie war die Muse von Giorgio Armani und Gianni Versace.,"Nadège du Bospertus ist ein französisches Modell, Ex-Jurymitglied bei „Italia’s Next Top Model” und Muse von Giorgio Armani und Gianni Versace.",42.04738736653511,73.392680806403,57.14285714285714,19049,bad,do-not-translate
66,"There are a number of modern variations that make up the modern Suikinkutsu ``, and the list below shows some of the possibilities for traditional ''Suikinkutsu``.","Es gibt eine Reihe moderner Variationen, die das moderne „Suikinkutsu“ darstellen. Die nachstehende Liste zeigt einige der Möglichkeiten für das traditionelles „Suikinkutsu“.","Es gibt einige moderne Variationen, aus denen das moderne „Suikinkutsu” besteht. Die Liste unten zeigt einige Möglichkeiten für das traditionelle „Suikinkutsu”.",11.467384749594064,70.37509658883722,57.14285714285714,19050,good,do-not-translate
67,"There are a number of modern variations that make up the modern Suikinkutsu ``, and the list below shows some of the possibilities for traditional ''Suikinkutsu``.","Es gibt eine Reihe moderner Variationen, die das moderne „Wasser-Zither-Höhle“ darstellen. Die nachstehende Liste zeigt einige der Möglichkeiten für die traditionelle „Suikinkutsu“.","Es gibt einige moderne Variationen, aus denen das moderne „Suikinkutsu” besteht. Die Liste unten zeigt einige Möglichkeiten für das traditionelle „Suikinkutsu”.",7.80212113432682,61.419305089886464,57.14285714285714,19050,bad,do-not-translate
68,Statesboro -- Bulloch County Airport is the home of the U.S. Auxiliary's Air Force; Statesboro ``Eagle ''Composite Squadron (GA451) of Civil Air Patrol. www.statesborocap.com.,Der Statesboro -- Bulloch County Airport ist die Heimat der US Air Force Auxiliary's Statesboro „Eagle'' Composite Squadron (GA451) der Civil Air Patrol. www.statesborocap.com,Statesboro -- Bulloch County Airport ist die Heimat der U.S. Auxiliary's Air Force; Statesboro „Eagle“ Composite Squadron (GA451) der Civil Air Patrol. www.statesborocap.com.,65.42584642955434,89.35369996976938,26.08695652173913,19051,good,do-not-translate
69,Statesboro -- Bulloch County Airport is the home of the U.S. Auxiliary's Air Force; Statesboro ``Eagle ''Composite Squadron (GA451) of Civil Air Patrol. www.statesborocap.com.,Der Statesboro -- Bulloch County Airport ist die Heimat der US Air Force Auxiliary's Statesboro „Adler'' Composite Squadron (GA451) der Civil Air Patrol. www.statesborocap.com,Statesboro -- Bulloch County Airport ist die Heimat der U.S. Auxiliary's Air Force; Statesboro „Eagle“ Composite Squadron (GA451) der Civil Air Patrol. www.statesborocap.com.,65.42584642955434,86.33845533860956,26.08695652173913,19051,bad,do-not-translate
70,"The ``Astrud ''track on Basia Trzetrzelewska's 1987 album,`` Time and Tide'', is a tribute to Gilberto.",Der Track „Astrud” auf dem Album „Time and Tide” von Basia Trzetrzelewska von 1987 ist ein Tribut an Gilberto.,Der Track „Astrud“' auf dem Album „Time and Tide“ von Basia Trzetrzelewska aus dem Jahr 1987 ist ein Tribut an Gilberto.,51.214248499747534,80.19055287590382,23.809523809523807,19052,good,do-not-translate
71,"The ``Astrud ''track on Basia Trzetrzelewska's 1987 album,`` Time and Tide'', is a tribute to Gilberto.",Der Track „Astrud” auf dem Album „Zeit und Gezeiten” von Basia Trzetrzelewska von 1987 ist ein Tribut an Gilberto.,Der Track „Astrud“' auf dem Album „Time and Tide“ von Basia Trzetrzelewska aus dem Jahr 1987 ist ein Tribut an Gilberto.,40.39752793385354,69.66260817797594,33.33333333333333,19052,bad,do-not-translate
72,"The town is situated at the right end of the ``Horta de València '', on the western bank of the river Turia.","""Die Stadt ist am rechten Ufer der """"Horta de València"""" und am westlichen Ufer des Flusses Turia gelegen.""","Die Stadt liegt am rechten Ende der „Horta de Valencia“, am Westufer des Flusses Turia.",9.22635643555325,57.767961175866624,66.66666666666666,19053,good,do-not-translate
73,"The town is situated at the right end of the ``Horta de València '', on the western bank of the river Turia.","""Die Stadt ist am rechten Ufer des """"Gartens von València"""" und am westlichen Ufer des Flusses Turia gelegen.""","Die Stadt liegt am rechten Ende der „Horta de Valencia“, am Westufer des Flusses Turia.",8.77491027594595,49.67552230869876,80.0,19053,bad,do-not-translate
74,"Archery in this context is also known as one of the ``Impalement Arts '', a category that sometimes includes knife throwing and shooting - demonstrations.","Bogenschießen ist in diesem Zusammenhang auch als eine der „Impalement Arts“ bekannt, eine Kategorie, die manchmal Messerwerfen und Scharfschützenvorführungen beinhaltet.","Bogenschießen ist in diesem Zusammenhang auch als eine der „Impalement Arts“ bekannt, eine Kategorie, die manchmal Messerwerfen und Schießdemonstrationen beinhaltet.",89.21616972156076,87.39636469951044,5.0,19054,good,do-not-translate
75,"Archery in this context is also known as one of the ``Impalement Arts '', a category that sometimes includes knife throwing and shooting - demonstrations.","Bogenschießen ist in diesem Zusammenhang auch als eine der „Pfählungskünste“ bekannt, eine Kategorie, die manchmal Messerwerfen und Scharfschützenvorführungen beinhaltet.","Bogenschießen ist in diesem Zusammenhang auch als eine der „Impalement Arts“ bekannt, eine Kategorie, die manchmal Messerwerfen und Schießdemonstrationen beinhaltet.",72.16888546941145,76.99329982678384,15.0,19054,bad,do-not-translate
76,"In the new TV-series ''Dead Gorgeous'', Alexandra Coppinger played the role of the youngest sister Hazel.",Alexandra Coppinger spielte in der neuen TV-Serie „Dead Gorgeous“ die Rolle der jüngsten Schwester „Hazel“.,In der neuen TV-Serie „Dead Gorgeous“ spielte Alexandra Coppinger die Rolle der jüngsten Schwester Hazel.,51.29497107827518,86.0812300871642,20.0,19055,good,do-not-translate
77,"In the new TV-series ''Dead Gorgeous'', Alexandra Coppinger played the role of the youngest sister Hazel.",Alexandra Coppinger spielte in der neuen TV-Serie „Die Geister von Ainsbury“ die Rolle der jüngsten Schwester „Hazel“.,In der neuen TV-Serie „Dead Gorgeous“ spielte Alexandra Coppinger die Rolle der jüngsten Schwester Hazel.,30.92852090394752,72.57090657599228,46.666666666666664,19055,bad,do-not-translate
78,"The Lost Boys is a 1978 docudrama mini-series produced by the BBC, written by Rodney Bennett, and directed by Andrew Birkin.","The Lost Boys ist ein mehrteiliges Doku-Drama unter der Regie von Andrew Birkin, das von der BBC im Jahr 1978 produziert und von Rodney Bennett geschrieben wurde.","„The Lost Boys“ ist eine Doku-Drama-Miniserie unter der Regie von Andrew Birkin aus dem Jahre 1978, produziert von der BBC und geschrieben von Rodney Bennett.",27.457624862096807,67.27244438615642,56.00000000000001,19056,good,do-not-translate
79,"The Lost Boys is a 1978 docudrama mini-series produced by the BBC, written by Rodney Bennett, and directed by Andrew Birkin.","Die Verlorenen Jungs ist ein mehrteiliges Doku-Drama unter der Regie von Andrew Birkin, das von der BBC im Jahr 1978 produziert und von Rodney Bennett geschrieben wurde.","„The Lost Boys“ ist eine Doku-Drama-Miniserie unter der Regie von Andrew Birkin aus dem Jahre 1978, produziert von der BBC und geschrieben von Rodney Bennett.",27.107774767803118,61.560347320215335,60.0,19056,bad,do-not-translate
80,"It was directed by George Fitzmaurice and is based on a 1917 play, ``Tiger Rose '', by Willard Mack.","Er steht unter der Regie von George Fitzmaurice und basiert auf „Tiger Rose”, einem Theaterstück von Willard Mack aus dem Jahr 1917.","Es wurde von George Fitzmaurice inszeniert und basiert auf einem Stück von 1917, „Tiger Rose“, von Willard Mack.",14.90896080339584,61.567921840498705,83.33333333333334,19057,good,do-not-translate
81,"It was directed by George Fitzmaurice and is based on a 1917 play, ``Tiger Rose '', by Willard Mack.","Er steht unter der Regie von George Fitzmaurice und basiert auf „Tiger-Rose”, einem Theaterstück von Willard Mack aus dem Jahr 1917.","Es wurde von George Fitzmaurice inszeniert und basiert auf einem Stück von 1917, „Tiger Rose“, von Willard Mack.",15.31780419215987,59.32302925755837,77.77777777777779,19057,bad,do-not-translate
82,"Also the groups ''Air ``, Howie B, Mars IV, Les Négresses Vertes and FFF and Manu Chao attended the album.","Auf dem Album sind auch Cassius, die Gruppen „Air“, Howie B, Mars IV, Les Négresses Vertes, FFF und Manu Chao zu hören.","Außerdem sind die Gruppen Air, Howie B, Mars IV, Les Négresses Vertes, FFF und Manu Chao auf dem Album zu hören.",61.33644734172207,77.17308286938885,23.809523809523807,19058,good,do-not-translate
83,"Also the groups ''Air ``, Howie B, Mars IV, Les Négresses Vertes and FFF and Manu Chao attended the album.","Auf dem Album sind auch Cassius, die Gruppen „Luft“, Howie B, Mars IV, Les Négresses Vertes, FFF und Manu Chao zu hören.","Außerdem sind die Gruppen Air, Howie B, Mars IV, Les Négresses Vertes, FFF und Manu Chao auf dem Album zu hören.",61.33644734172207,76.10365709198356,23.809523809523807,19058,bad,do-not-translate
84,"``Everything But You ''is a song of 1945, composed by Don George, written by Duke Ellington and Harry James.",Everything But You ist ein Song der 1945 von Don George komponiert wurde. Der Text stammt von Duke Ellington und Harry James.,"„Everything But You“ ist ein Lied von 1945, komponiert von Don George, geschrieben von Duke Ellington und Harry James.",33.57306484097324,66.60037922845736,57.89473684210527,19059,good,do-not-translate
85,"``Everything But You ''is a song of 1945, composed by Don George, written by Duke Ellington and Harry James.",Alles ausser Du ist ein Song der 1945 von Don George komponiert wurde. Der Text stammt von Duke Ellington und Harry James.,"„Everything But You“ ist ein Lied von 1945, komponiert von Don George, geschrieben von Duke Ellington und Harry James.",32.998954725277926,54.718837822489206,63.1578947368421,19059,bad,do-not-translate
86,Statesboro -- Bulloch County Airport is the home of the U.S. Auxiliary's Air Force; Statesboro ``Eagle ''Composite Squadron (GA451) of Civil Air Patrol. www.statesborocap.com.,Der Statesboro -- Bulloch County Airport ist die Heimat der US Air Force Auxiliary's Statesboro „Eagle'' Composite Squadron (GA451) der Civil Air Patrol. www.statesborocap.com,Statesboro -- Bulloch County Airport ist die Heimat der U.S. Auxiliary's Air Force; Statesboro „Eagle“ Composite Squadron (GA451) der Civil Air Patrol. www.statesborocap.com.,65.42584642955434,89.35369996976938,26.08695652173913,19060,good,do-not-translate
87,Statesboro -- Bulloch County Airport is the home of the U.S. Auxiliary's Air Force; Statesboro ``Eagle ''Composite Squadron (GA451) of Civil Air Patrol. www.statesborocap.com.,Der Statesboro -- Bulloch County Airport ist die Heimat der US Luftwaffe Auxiliary's Statesboro „Eagle'' Composite Squadron (GA451) der Civil Air Patrol. www.statesborocap.com,Statesboro -- Bulloch County Airport ist die Heimat der U.S. Auxiliary's Air Force; Statesboro „Eagle“ Composite Squadron (GA451) der Civil Air Patrol. www.statesborocap.com.,63.31869518194398,85.79191646448187,30.434782608695656,19060,bad,do-not-translate
88,"There are a number of modern variations that make up the modern Suikinkutsu ``, and the list below shows some of the possibilities for traditional ''Suikinkutsu``.","Es gibt eine Reihe moderner Variationen, die das moderne „Suikinkutsu“ darstellen. Die nachstehende Liste zeigt einige der Möglichkeiten für das traditionelles „Suikinkutsu“.","Es gibt einige moderne Variationen, aus denen das moderne „Suikinkutsu” besteht. Die Liste unten zeigt einige Möglichkeiten für das traditionelle „Suikinkutsu”.",11.467384749594064,70.37509658883722,57.14285714285714,19061,good,do-not-translate
89,"There are a number of modern variations that make up the modern Suikinkutsu ``, and the list below shows some of the possibilities for traditional ''Suikinkutsu``.","Es gibt eine Reihe moderner Variationen, die das moderne „Suikinkutsu“ darstellen. Die nachstehende Liste zeigt einige der Möglichkeiten für die traditionelle „Wasser-Zither-Höhle“.","Es gibt einige moderne Variationen, aus denen das moderne „Suikinkutsu” besteht. Die Liste unten zeigt einige Möglichkeiten für das traditionelle „Suikinkutsu”.",7.80212113432682,61.419305089886464,57.14285714285714,19061,bad,do-not-translate
90,The music performed as Bob courts ``Blackadder ''is Vaughan Williams'`` Fantasia on Greensleeves''.,"Die Musik, die als Bob „Blackadder” aufgeführt wird, ist „Fantasia on Greensleeves” von Vaughan Williams.","Die Musik, die gespielt wird, als Bob um „Blackadder“ wirbt, ist Vaughan Williams' „Fantasia on Greensleeves“.",19.965479161904646,65.73846500987271,62.5,19062,good,do-not-translate
91,The music performed as Bob courts ``Blackadder ''is Vaughan Williams'`` Fantasia on Greensleeves''.,"Die Musik, die als Bob „Schware Kreuzotter” aufgeführt wird, ist „Fantasia on Greensleeves” von Vaughan Williams.","Die Musik, die gespielt wird, als Bob um „Blackadder“ wirbt, ist Vaughan Williams' „Fantasia on Greensleeves“.",19.953151044779254,57.39894254024118,62.5,19062,bad,do-not-translate
92,The music that is performed as Blackadder courts ''Bob ``is'' Fantasia on greensleeves ''by Vaughan Williams.,"Die Musik, die gespielt wird, als Blackadder um „Bob“ wirbt, ist Vaughan Williams '„Fantasia on Greensleeves“.","""Die Musik, die gespielt wird, als Blackadder """"Bob"""" den Hof macht, ist """"Fantasia on greensleeves"""" von Vaughan Williams.""",26.477817988188022,66.29141480492275,61.111111111111114,19063,good,do-not-translate
93,The music that is performed as Blackadder courts ''Bob ``is'' Fantasia on greensleeves ''by Vaughan Williams.,"Die Musik, die gespielt wird, als Schwarz Kreuzotter um „Bob“ wirbt, ist Vaughan Williams '„Fantasia on Greensleeves“.","""Die Musik, die gespielt wird, als Blackadder """"Bob"""" den Hof macht, ist """"Fantasia on greensleeves"""" von Vaughan Williams.""",23.854291118151053,57.15001650452044,66.66666666666666,19063,bad,do-not-translate
94,"``Aku Ankka ''is published by Sanoma Media (formerly Sanoma Magazines), which is part of Sanoma.","„Aku Ankka“ wird von Sanoma Media (früher bekannt als Sanoma Magazines) veröffentlicht, das Teil von Sanoma ist.","„Aku Ankka“ wird von Sanoma Media (ehemals Sanoma Magazines) herausgegeben, das zu Sanoma gehört.",38.09137041667079,61.53335058592232,50.0,19064,good,do-not-translate
95,"``Aku Ankka ''is published by Sanoma Media (formerly Sanoma Magazines), which is part of Sanoma.","„Donald Duck“ wird von Sanoma Media (früher bekannt als Sanoma Magazines) veröffentlicht, das Teil von Sanoma ist.","„Aku Ankka“ wird von Sanoma Media (ehemals Sanoma Magazines) herausgegeben, das zu Sanoma gehört.",26.153117750218033,51.90820803642372,64.28571428571429,19064,bad,do-not-translate
96,"Billy Batson appeared in the first four issues of ``Black Adam '', published between late 2008 and early 2009.","Billy Billy Batson erschien in den ersten vier Ausgaben von „Black Adam“, veröffentlicht zwischen Ende 2008 und Anfang 2009.","Billy Batson tauchte in den vier ersten Ausgaben von „Black Adam“ auf, die zwischen Ende 2008 und Anfang 2009 veröffentlicht wurden.",38.37611282914936,70.91349428533486,42.857142857142854,19065,good,do-not-translate
97,"Billy Batson appeared in the first four issues of ``Black Adam '', published between late 2008 and early 2009.","Billy Billy Batson erschien in den ersten vier Ausgaben von „Schwarzer Adam“, veröffentlicht zwischen Ende 2008 und Anfang 2009.","Billy Batson tauchte in den vier ersten Ausgaben von „Black Adam“ auf, die zwischen Ende 2008 und Anfang 2009 veröffentlicht wurden.",30.10964992849188,64.3901481510994,47.61904761904761,19065,bad,do-not-translate
98,"In 2012, Adrian Belew released ``Treehouse '', his sixth solo record, produced in Nashville Tennessee by musician Ned Evett.","2012 brachte Adrian Belew seine sechste Soloplatte „Treehouse“ heraus, die in Nashville, Tennessee, vom Musiker Ned Evett produziert wurde.","Im Jahr 2012 veröffentlichte Adrian Belew sein sechstes Soloalbum „Treehouse“, das in Nashville, Tennessee, vom Musiker Ned Evett produziert wurde.",51.908185579007316,71.9770042440373,45.0,19066,good,do-not-translate
99,"In 2012, Adrian Belew released ``Treehouse '', his sixth solo record, produced in Nashville Tennessee by musician Ned Evett.","2012 brachte Adrian Belew seine sechste Soloplatte „Baumhaus“ heraus, die in Nashville, Tennessee, vom Musiker Ned Evett produziert wurde.","Im Jahr 2012 veröffentlichte Adrian Belew sein sechstes Soloalbum „Treehouse“, das in Nashville, Tennessee, vom Musiker Ned Evett produziert wurde.",51.127388932984395,66.57098346805807,45.0,19066,bad,do-not-translate
100,"The station was established by the British Falkland Islands Dependencies Survey as Station F, or ``Winter Island '', on Argentine Islands in 1947.",Die Station wurde 1947 vom British Falkland Islands Dependencies Survey als Station F oder „Winter Island“ auf den Argentinischen Inseln errichtet.,Die Station auf Argentine Island wurde 1947 von der British Falkland Islands Dependencies Survey unter dem Namen „Station F“ oder „Winter Island“ errichtet.,25.572208061122033,69.91880556649267,56.52173913043478,19067,good,do-not-translate
101,"The station was established by the British Falkland Islands Dependencies Survey as Station F, or ``Winter Island '', on Argentine Islands in 1947.",Die Station wurde 1947 von der Umfrage zu den Abhängigkeiten der britischen Falklandinseln als Station F oder „Winter Island“ auf den Argentinischen Inseln errichtet.,Die Station auf Argentine Island wurde 1947 von der British Falkland Islands Dependencies Survey unter dem Namen „Station F“ oder „Winter Island“ errichtet.,16.973628531343277,53.28271637725705,69.56521739130434,19067,bad,do-not-translate
102,"``Shatterer ''was published on 13 June 1987 in Japan, where it was distributed by Toho.","„Shatterer“ wurde am 13. Juni 1987 auch in Japan veröffentlicht, wo es von Toho vertrieben wird.","„Shatterer“ wurde am 13. Juni 1987 in Japan veröffentlicht, wo es von Toho vertrieben wurde.",74.43733193120507,90.3633016051611,13.333333333333334,19068,good,do-not-translate
103,"``Shatterer ''was published on 13 June 1987 in Japan, where it was distributed by Toho.","„Zerstörer“ wurde am 13. Juni 1987 auch in Japan veröffentlicht, wo es von Toho vertrieben wird.","„Shatterer“ wurde am 13. Juni 1987 in Japan veröffentlicht, wo es von Toho vertrieben wurde.",68.59238121837059,82.43523805735676,20.0,19068,bad,do-not-translate
104,"The Machpelah Cemetery, also written as ''Macpelah Cemetery ``or'' Macphelah Cemetery``, is a cemetery in Hudson County, New Jersey.","Der Machpelah Cemetery, auch geschrieben „Macpelah Cemetery”, oder „Macphelah Cemetery” ist ein Friedhof in Hudson County, New Jersey.","Der Machpelah Cemetery, auch in der Schreibweise „Macpelah Cemetery“ oder „Pacphelah Cemetery“ ist ein Friedhof im Hudson County, New Jersey.",43.41385467585337,74.39838806546744,35.0,19069,good,do-not-translate
105,"The Machpelah Cemetery, also written as ''Macpelah Cemetery ``or'' Macphelah Cemetery``, is a cemetery in Hudson County, New Jersey.","Der Machpelah Cemetery, auch geschrieben „Macpelah Friedhof”, oder „Macphelah Friedhof” ist ein Friedhof in Hudson County, New Jersey.","Der Machpelah Cemetery, auch in der Schreibweise „Macpelah Cemetery“ oder „Pacphelah Cemetery“ ist ein Friedhof im Hudson County, New Jersey.",43.41385467585337,61.85765945493462,35.0,19069,bad,do-not-translate
106,"The first track, ``Every Morning ''is the acoustic guitar version of the last track`` Morning''.",Der erste Track „Every Morning“ ist die akustische Gitarrenversion des letzten Tracks „Morning“.,"Der erste Track „Every Morning“, ist die akustische Gitarrenversion des letzten Titels „Morning“.",61.42150942225169,88.00102769686015,15.384615384615385,19070,good,do-not-translate
107,"The first track, ``Every Morning ''is the acoustic guitar version of the last track`` Morning''.",Der erste Track „Every Morning“ ist die akustische Gitarrenversion des letzten Tracks „Morgen“.,"Der erste Track „Every Morning“, ist die akustische Gitarrenversion des letzten Titels „Morning“.",58.63954417655858,82.08833918708662,23.076923076923077,19070,bad,do-not-translate
108,Adam Surat (``Inner Strength '') is a documentary film directed by Tareque Masud in 1989 about the Bangladeshi painter Sheikh Mohammed Sultan.,"Adam Surat („The Inner Strength“) ist ein bangladeschischer Dokumentarfilm aus dem Jahr 1989 über den bangladeschischen Maler Sheikh Mohammed Sultan, bei dem Tareque Masud Regie führte.",Adam Surat („Inner Strength“) ist ein Dokumentarfilm von Tareque Masud aus dem Jahr 1989 über den Maler Sheikh Mohammed Sultan aus Bangladesch.,37.659946525824225,77.51337636866934,50.0,19071,good,do-not-translate
109,Adam Surat (``Inner Strength '') is a documentary film directed by Tareque Masud in 1989 about the Bangladeshi painter Sheikh Mohammed Sultan.,"Adam Surat („Die Innere Stärke“) ist ein bangladeschischer Dokumentarfilm aus dem Jahr 1989 über den bangladeschischen Maler Sheikh Mohammed Sultan, bei dem Tareque Masud Regie führte.",Adam Surat („Inner Strength“) ist ein Dokumentarfilm von Tareque Masud aus dem Jahr 1989 über den Maler Sheikh Mohammed Sultan aus Bangladesch.,33.53671881116033,70.89111728864209,54.54545454545454,19071,bad,do-not-translate
110,"In the history of such devices, it succeeded ``The Turk ''and preceded`` Mephisto''.","""In der Geschichte derartiger Automaten waren """"The Turk"""" und """"Mephisto"""" erfolgreich.""",In der Geschichte solcher Geräte löste es „The Turk“ ab und wurde durch „Mephisto“ ersetzt.,7.305267243289862,37.900741852514,80.0,19072,good,do-not-translate
111,"In the history of such devices, it succeeded ``The Turk ''and preceded`` Mephisto''.","""In der Geschichte derartiger Automaten waren """"Der Türke"""" und """"Mephisto"""" erfolgreich.""",In der Geschichte solcher Geräte löste es „The Turk“ ab und wurde durch „Mephisto“ ersetzt.,7.305267243289862,33.148851924985564,80.0,19072,bad,do-not-translate
112,"``gravityWall ''was used as the second opening motif for the Anime television series, while`` sh0ut'' was used as the first opening motif.","Für die Anime TV-Serie wurde „Gravity wall“ als zweites, „sh0ut“ als erstes Anfangsmotiv verwendet.",Für die Anime-Fernsehserie wurde „gravityWall“ als zweites Eröffnungsmotiv verwendet. das erste war „sh0ut“.,9.103526405546068,60.759983757384816,84.61538461538461,19073,good,do-not-translate
113,"``gravityWall ''was used as the second opening motif for the Anime television series, while`` sh0ut'' was used as the first opening motif.","Für die Anime TV-Serie wurde „Die Wand der Schwerkraft“ als zweites, „sh0ut“ als erstes Anfangsmotiv verwendet.",Für die Anime-Fernsehserie wurde „gravityWall“ als zweites Eröffnungsmotiv verwendet. das erste war „sh0ut“.,7.994607499472017,55.67494158619136,100.0,19073,bad,do-not-translate
114,The original team was produced by the writer Sal Buscema and artist Roy Thomas in ``The Avengers ''# 71 (December 1969).,Das Originalteam wurde vom Autor Sal Buscema und Zeichner Roy Thomas in „The Avengers“ Nr. 71 (Dezember 1969) geschaffen.,Das ursprüngliche Team wurde vom Schriftsteller Sal Buscema und dem Künstler Roy Thomas in „The Avengers“ Nr. 71 (Dezember 1969) produziert.,54.38943137738411,59.595170282282176,28.57142857142857,19074,good,do-not-translate
115,The original team was produced by the writer Sal Buscema and artist Roy Thomas in ``The Avengers ''# 71 (December 1969).,Das Originalteam wurde vom Autor Sal Buscema und Zeichner Roy Thomas in „Die Rächer“ Nr. 71 (Dezember 1969) geschaffen.,Das ursprüngliche Team wurde vom Schriftsteller Sal Buscema und dem Künstler Roy Thomas in „The Avengers“ Nr. 71 (Dezember 1969) produziert.,36.31911188269627,49.779095970475176,38.095238095238095,19074,bad,do-not-translate
116,The station was founded by the British Falkland Islands Dependencies Survey in 1947 as Station F or Argentine Islands ''on Winter Island.,Die Station wurde 1947 auf Winter Island von der British Falkland Islands Dependencies Survey unter dem Namen „Station F“ oder „Argentine Islands“ errichtet.,Die Station wurde 1947 auf Winter Islands von der British Falkland Islands Dependencies Survey unter dem Namen „Station F“ oder „Argentine Islands“ errichtet.,88.43865924896839,97.50755564237338,4.3478260869565215,19075,good,do-not-translate
117,The station was founded by the British Falkland Islands Dependencies Survey in 1947 as Station F or Argentine Islands ''on Winter Island.,Die Station wurde 1947 auf der Winterinsel von der British Falkland Islands Dependencies Survey unter dem Namen „Station F“ oder „Argentine Islands“ errichtet.,Die Station wurde 1947 auf Winter Islands von der British Falkland Islands Dependencies Survey unter dem Namen „Station F“ oder „Argentine Islands“ errichtet.,83.95876230925758,91.33043861598689,8.695652173913043,19075,bad,do-not-translate
118,"In 2011 he also wrote the biography of singer Madonna entitled ``Mad for Madonna The Queen of Pop '', published by Castelvecchi Publisher.",2011 schrieb er auch die Biographie der Sängerin Madonna mit dem Titel „Mad for Madonna. The queen of pop“ veröffentlicht von Castelvecchi Publisher.,"2011 schrieb er auch die Biographie der Sängerin Madonna mit dem Titel „Mad for Madonna The Queen of Pop“, veröffentlicht vom Verleger Castelvecchi.",61.587874428306336,80.74091046611746,21.73913043478261,19076,good,do-not-translate
119,"In 2011 he also wrote the biography of singer Madonna entitled ``Mad for Madonna The Queen of Pop '', published by Castelvecchi Publisher.",2011 schrieb er auch die Biographie der Sängerin Madonna mit dem Titel „Verrückt nach Madonna. The queen of pop“ veröffentlicht von Castelvecchi Publisher.,"2011 schrieb er auch die Biographie der Sängerin Madonna mit dem Titel „Mad for Madonna The Queen of Pop“, veröffentlicht vom Verleger Castelvecchi.",49.22111903707336,74.1912958774762,30.434782608695656,19076,bad,do-not-translate
120,With Terry as Ophelia and Portia he enlivened ``Hamlet ''and produced`` The Merchant of Venice'' (1879).,"""Mit Terry als Ophelia und Portia griff er """"Hamlet"""" wieder auf und produzierte """"The Merchant of Venice"""" (1879).""",Mit Terry als Ophelia und Portia belebte er „Hamlet“ und produzierte „The Merchant of Venice'' (1879).,26.27640098773875,70.38824088254776,50.0,19077,good,do-not-translate
121,With Terry as Ophelia and Portia he enlivened ``Hamlet ''and produced`` The Merchant of Venice'' (1879).,"""Mit Terry als Ophelia und Portia griff er """"Hamlet"""" wieder auf und produzierte """"Der Kaufmann von Venedig"""" (1879).""",Mit Terry als Ophelia und Portia belebte er „Hamlet“ und produzierte „The Merchant of Venice'' (1879).,24.693891261487583,54.179342220647996,62.5,19077,bad,do-not-translate
122,He was awarded in his senior yearbook entitled ``Most Humorous ''and'' Most Talented``.,"""Er wurde in seinem Abschlussjahrbuch mit den Auszeichnungen """"Most Humorous"""" und """"Most Talented"""" ausgezeichnet. .""",Er wurde in seinem Abschlussjahrbuch mit dem Titel „Most Humorous“ und „Most Talented“ ausgezeichnet.,20.61487201475908,74.62979212779634,57.14285714285714,19078,good,do-not-translate
123,He was awarded in his senior yearbook entitled ``Most Humorous ''and'' Most Talented``.,"""Er wurde in seinem Abschlussjahrbuch mit den Auszeichnungen """"Most Humorous"""" und """"Talentiertester"""" ausgezeichnet. .""",Er wurde in seinem Abschlussjahrbuch mit dem Titel „Most Humorous“ und „Most Talented“ ausgezeichnet.,21.494052714772305,68.68473114824238,57.14285714285714,19078,bad,do-not-translate
124,They were developed by CyberConnect2 and published by Namco Bandai starting with ``Naruto: Ultimate Ninja ''in 2005.,Sie wurden von CyberConnect2 entwickelt und von Namco Bandai ab 2005 mit „Naruto: Ultimate Ninja” veröffentlicht.,"Sie wurden von CyberConnect2 entwickelt und von Namco Bandai veröffentlicht, den Auftakt machte „Naruto: Ultimate Ninja“ im Jahr 2005.",44.80640212080463,74.52120721656789,42.10526315789473,19079,good,do-not-translate
125,They were developed by CyberConnect2 and published by Namco Bandai starting with ``Naruto: Ultimate Ninja ''in 2005.,Sie wurden von CyberConnect2 entwickelt und von Namco Bandai ab 2005 mit „Naruto: Der ultimative Ninja” veröffentlicht.,"Sie wurden von CyberConnect2 entwickelt und von Namco Bandai veröffentlicht, den Auftakt machte „Naruto: Ultimate Ninja“ im Jahr 2005.",41.70454558152068,69.12965034909703,47.368421052631575,19079,bad,do-not-translate
126,``Historia Plantarum Rariorum ''shows plants from the Chelsea Physic Garden and the Cambridge Botanic Garden.,Die „Historia Plantarum Rariorum“ zeigte Pflanzen aus dem Cambridge Botanic Garden und dem Chelsea Physic Garden.,„Historia Plantarum Rariorum“ zeigt Pflanzen aus dem Chelsea Physic Garden und dem Cambridge Botanic Garden.,46.756674181211984,96.01803529085556,40.0,19080,good,do-not-translate
127,``Historia Plantarum Rariorum ''shows plants from the Chelsea Physic Garden and the Cambridge Botanic Garden.,Die „Geschichte seltener Pflanzen“ zeigte Pflanzen aus dem Cambridge Botanic Garden und dem Chelsea Physic Garden.,„Historia Plantarum Rariorum“ zeigt Pflanzen aus dem Chelsea Physic Garden und dem Cambridge Botanic Garden.,40.80766493536307,70.1564086156094,60.0,19080,bad,do-not-translate
128,"It can be reached from Formia from east, and Maranola, a ``frazione ''of Spigno Saturnia, from the west.","""Es kann von Formia aus von Osten erreicht werden, und Maranola, ein """"Frazione"""" von Spigno Saturnia, von Westen.""","Es kann von Formia aus von Osten erreicht werden, und Maranola, ein „Frazione“ von Spigno Saturnia, von Westen.",67.4558285442009,91.47789735324376,16.666666666666664,19081,good,do-not-translate
129,"It can be reached from Formia from east, and Maranola, a ``frazione ''of Spigno Saturnia, from the west.","""Es kann von Formia aus von Osten erreicht werden, und Maranola, eine """"Fraktion"""" von Spigno Saturnia, von Westen.""","Es kann von Formia aus von Osten erreicht werden, und Maranola, ein „Frazione“ von Spigno Saturnia, von Westen.",63.647132443926075,87.83935075780084,22.22222222222222,19081,bad,do-not-translate
130,"In a 1985 episode of ``The Tonight Show Starring Johnny Carson '', Johnny mentions the story and tells sidekick Ed McMahon the plot.",In einer Folge aus dem Jahr 1985 von „The Tonight Show with Johnny Carson“ erwähnt Johnny die Geschichte und erzählt die Nebenhandlung Ed McMahon.,"""In einer Episode von """"The Tonight Show Starring Johnny Carson"""" aus 1985 erwähnt Johnny die Geschichte und erzählt seinem Kollegen Ed McMahon die Handlung.""",21.606270904389536,59.76972014648653,62.5,19082,good,do-not-translate
131,"In a 1985 episode of ``The Tonight Show Starring Johnny Carson '', Johnny mentions the story and tells sidekick Ed McMahon the plot.",In einer Folge aus dem Jahr 1985 von „Die Tonight Show mit Johnny Carson“ erwähnt Johnny die Geschichte und erzählt die Nebenhandlung Ed McMahon.,"""In einer Episode von """"The Tonight Show Starring Johnny Carson"""" aus 1985 erwähnt Johnny die Geschichte und erzählt seinem Kollegen Ed McMahon die Handlung.""",21.606270904389536,58.57332955667673,62.5,19082,bad,do-not-translate
132,"In 2002, the song was released by British producer Vincent Stormfield and covered as ``Sweet Harmony 02 ''by Independiente.",2002 wurde der Song vom britischen Produzenten Vincent Stormfield veröffentlicht und von Independiente als „Süsser Klang 02“ gecovert.,Der Song wurde 2002 vom britischen Produzenten Vincent Stormfield veröffentlicht und als „Sweet Harmony 02“ von Independiente gecovert.,40.72970258478201,75.58446778344138,27.77777777777778,19083,good,do-not-translate
133,"In 2002, the song was released by British producer Vincent Stormfield and covered as ``Sweet Harmony 02 ''by Independiente.",2002 wurde der Song vom britischen Produzenten Vincent Stormfield veröffentlicht und von Independiente als „Sweet Harmony 02“ gecovert.,Der Song wurde 2002 vom britischen Produzenten Vincent Stormfield veröffentlicht und als „Sweet Harmony 02“ von Independiente gecovert.,52.243775689778424,86.16041726334022,16.666666666666664,19083,bad,do-not-translate
134,"The group released ``Itunes Session -- EP ''on August 23, containing four alternative songs and an acoustic version of`` Fold Your Hands Child''.",Am 23. August veröffentlichte die Gruppe die „Itunes Session -- EP“ mit vier alternativen Songs und einer akustischen Version von „Fold Your Hands Child“.,"""Die Band publizierte """"Itunes Session -- EP"""" am 23. August, die vier alternative Songs und eine akustische Fassung von """"Fold Your Hands Child"""" enthielt.""",6.39024866890205,56.35318209500767,70.83333333333334,19084,good,do-not-translate
135,"The group released ``Itunes Session -- EP ''on August 23, containing four alternative songs and an acoustic version of`` Fold Your Hands Child''.",Am 23. August veröffentlichte die Gruppe die „Itunes Session -- EP“ mit vier alternativen Songs und einer akustischen Version von „Falte Deine Hände Kind“.,"""Die Band publizierte """"Itunes Session -- EP"""" am 23. August, die vier alternative Songs und eine akustische Fassung von """"Fold Your Hands Child"""" enthielt.""",5.796323133112747,46.33442119880485,79.16666666666666,19084,bad,do-not-translate
136,"In 1997, she appeared as Sheila Dixon in ``Coronation Street, and in 1998 as Naomi Russell.",Hardwick erschien 1997 in der „Coronation Street“ als Sheila Dixon und 1998 als Naomi Russell.,"1997 erschien sie als Sheila Dixon in „Coronation Street”, und 1998 als Naomi Russell.",42.044820762685724,75.53188799520679,42.857142857142854,19085,good,do-not-translate
137,"In 1997, she appeared as Sheila Dixon in ``Coronation Street, and in 1998 as Naomi Russell.",Hardwick erschien 1997 in der „Krönungsstrasse“ als Sheila Dixon und 1998 als Naomi Russell.,"1997 erschien sie als Sheila Dixon in „Coronation Street”, und 1998 als Naomi Russell.",41.4289281670139,57.813326159171595,35.714285714285715,19085,bad,do-not-translate
138,On 25 June 1866 he was appointed bishop of ``Nisa in Lycia and bishop of Titular Velletri.,Er wurde am 25. Juni 1866 zum Weihbischof von „Nisa in Lycia“ und zum Titularbischof von Velletri ernannt.,Am 25. Juni 1866 wurde er zum Bischof von Nisa in Lycia und zum Bischof von Titular Velletri ernannt.,20.523865283328494,68.5921950755587,36.84210526315789,19086,good,do-not-translate
139,On 25 June 1866 he was appointed bishop of ``Nisa in Lycia and bishop of Titular Velletri.,Er wurde am 25. Juni 1866 zum Weihbischof von „Nisa in Lykien“ und zum Titularbischof von Velletri ernannt.,Am 25. Juni 1866 wurde er zum Bischof von Nisa in Lycia und zum Bischof von Titular Velletri ernannt.,20.523865283328494,65.15584838596652,36.84210526315789,19086,bad,do-not-translate
140,"``Around the World in 80 Minutes ''with Robert E. Sherwood, is a 1931 American Pre-Code documentary film directed by Douglas Fairbanks and written by Douglas Fairbanks and Victor Fleming.","„In 80 minutes around the world“ mit Robert E. Sherwood, ist ein amerikanischer Precode-Dokumentarfilm des Regisseurs Douglas Fairbanks von 1931 und von Douglas Fairbanks und Victor Fleming geschrieben.","„Around the World in 80 Minutes“ mit Robert E. Sherwood, ist ein amerikanischer Pre-Code Dokumentarfilm von 1931, der von Douglas Fairbanks gedreht und von Douglas Fairbanks und Victor Fleming geschrieben wurde.",46.33949621780459,74.73032606138835,48.38709677419355,19087,good,do-not-translate
141,"``Around the World in 80 Minutes ''with Robert E. Sherwood, is a 1931 American Pre-Code documentary film directed by Douglas Fairbanks and written by Douglas Fairbanks and Victor Fleming.","„In 80 Minuten um die Welt“ mit Robert E. Sherwood, ist ein amerikanischer Precode-Dokumentarfilm des Regisseurs Douglas Fairbanks von 1931 und von Douglas Fairbanks und Victor Fleming geschrieben.","„Around the World in 80 Minutes“ mit Robert E. Sherwood, ist ein amerikanischer Pre-Code Dokumentarfilm von 1931, der von Douglas Fairbanks gedreht und von Douglas Fairbanks und Victor Fleming geschrieben wurde.",45.84906215724896,73.27304732359691,48.38709677419355,19087,bad,do-not-translate
142,``Acoustic and Live: Pure ''was released in early 2003.,„Acoustic and Live: Pure” wurde Anfang 2003 veröffentlicht.,„Acoustic and Live: Pure“ wurde Anfang 2003 veröffentlicht.,65.80370064762461,92.80157750497906,12.5,19088,good,do-not-translate
143,``Acoustic and Live: Pure ''was released in early 2003.,„Akustisch and Live: Pur” wurde Anfang 2003 veröffentlicht.,„Acoustic and Live: Pure“ wurde Anfang 2003 veröffentlicht.,52.53819788848316,77.13304206025016,25.0,19088,bad,do-not-translate
144,"With Terry as Ophelia and Portia, he revived ``Hamlet ''and produced`` The Merchant of Venice'' (1879).","""Mit Terry als Ophelia und Portia ließ er """"Hamlet"""" und """"The Merchant of Venice"""" (1879) wieder wieder aufleben.""","""Mit Terry als Ophelia und Portia erweckte er """"Hamlet"""" wieder zum Leben produzierte „The Merchant of Venice“ (1879).""",41.33732829767919,63.44694634358638,50.0,19089,good,do-not-translate
145,"With Terry as Ophelia and Portia, he revived ``Hamlet ''and produced`` The Merchant of Venice'' (1879).","""Mit Terry als Ophelia und Portia ließ er """"Hamlet"""" und """"Der Kaufmann von Venedig"""" (1879) wieder wieder aufleben.""","""Mit Terry als Ophelia und Portia erweckte er """"Hamlet"""" wieder zum Leben produzierte „The Merchant of Venice“ (1879).""",39.62645069468097,49.36508060819457,55.55555555555556,19089,bad,do-not-translate
146,"The BBC World Service also broadcast a version called ``Animal, Vegetable and Mineral '', chaired by Michael Flanders with a panel including Terry Wogan.","BBC World Service zeigte auch eine Version mit dem Titel „Animal, Vegetable and Mineral“ unter dem Vorsitz von Michael Flanders mit einer Panel-Diskussion mit Terry Wogan.","""Der BBC World Service sendete auch eine Version mit dem Titel """"Animal, Vegetable and Mineral?"""" aus, deren Vorsitz Michael Flanders mit einem Panel, darunter Terry Wogan, innehatte.""",21.211142326203323,65.84964970243279,44.44444444444444,19090,good,do-not-translate
147,"The BBC World Service also broadcast a version called ``Animal, Vegetable and Mineral '', chaired by Michael Flanders with a panel including Terry Wogan.","BBC World Service zeigte auch eine Version mit dem Titel „Tier, Gemüse und Mineral“ unter dem Vorsitz von Michael Flanders mit einer Panel-Diskussion mit Terry Wogan.","""Der BBC World Service sendete auch eine Version mit dem Titel """"Animal, Vegetable and Mineral?"""" aus, deren Vorsitz Michael Flanders mit einem Panel, darunter Terry Wogan, innehatte.""",18.965132413322067,56.18304020019177,51.85185185185185,19090,bad,do-not-translate
148,He was awarded in his senior yearbook entitled ``Most Humorous ''and'' Most Talented``.,"""Er wurde in seinem Abschlussjahrbuch mit den Auszeichnungen """"Most Humorous"""" und """"Most Talented"""" ausgezeichnet. .""",Er wurde in seinem Abschlussjahrbuch mit dem Titel „Most Humorous“ und „Most Talented“ ausgezeichnet.,20.61487201475908,74.62979212779634,57.14285714285714,19091,good,do-not-translate
149,He was awarded in his senior yearbook entitled ``Most Humorous ''and'' Most Talented``.,"""Er wurde in seinem Abschlussjahrbuch mit den Auszeichnungen """"Witzigster"""" und """"Most Talented"""" ausgezeichnet. .""",Er wurde in seinem Abschlussjahrbuch mit dem Titel „Most Humorous“ und „Most Talented“ ausgezeichnet.,21.494052714772305,66.26914677841238,57.14285714285714,19091,bad,do-not-translate
150,"His postmodernist history of Australian philosophy, ``Corrupting the Youth ''(2003), praised the Australian realist tradition in philosophy and attacked polemical and relativist trends.","""Seine postmodernistische Geschichte der australischen Philosophie """"Corrupting the Youth"""" (2003) pries die realistische australische Tradition in der Philosophie und griff polemische und relativistische Strömungen an.""","Seine postmoderne Geschichte der australischen Philosophie, „Corrupting the Youth“ (2003), lobte die australische realistische Tradition in der Philosophie und attackierte polemische und relativistische Trends.",25.693998024082635,77.58134759673378,45.83333333333333,19092,good,do-not-translate
151,"His postmodernist history of Australian philosophy, ``Corrupting the Youth ''(2003), praised the Australian realist tradition in philosophy and attacked polemical and relativist trends.","""Seine postmodernistische Geschichte der australischen Philosophie """"Die Jugend Verderben"""" (2003) pries die realistische australische Tradition in der Philosophie und griff polemische und relativistische Strömungen an.""","Seine postmoderne Geschichte der australischen Philosophie, „Corrupting the Youth“ (2003), lobte die australische realistische Tradition in der Philosophie und attackierte polemische und relativistische Trends.",25.382498057526043,71.03797093752013,50.0,19092,bad,do-not-translate
152,"``Everything But You ''is a song of 1945, composed by Duke Ellington and Harry James written with texts by Don George.","„Everything But You“ ist ein Lied aus dem Jahr 1945, das von Duke Ellington und Harry James komponiert wurde und dessen Text von Don George geschrieben wurde.","„Everything But You“ ist ein Lied aus dem Jahr 1945, das von Duke Ellington und Harry James komponiert und dessen Text von Don George geschrieben wurde.",90.61874434879648,97.1921190699366,3.8461538461538463,19093,good,do-not-translate
153,"``Everything But You ''is a song of 1945, composed by Duke Ellington and Harry James written with texts by Don George.","„Alles Ausser Du“ ist ein Lied aus dem Jahr 1945, das von Duke Ellington und Harry James komponiert wurde und dessen Text von Don George geschrieben wurde.","„Everything But You“ ist ein Lied aus dem Jahr 1945, das von Duke Ellington und Harry James komponiert und dessen Text von Don George geschrieben wurde.",79.65020533851947,85.50150502180178,15.384615384615385,19093,bad,do-not-translate
154,When Jack Nitzsche first heard ``Stubborn Kind of Fellow ''he was so excited he lost control of his car while driving down Sunset Boulevard with Phil Spector.,"Als Jack Nitzsche das erste Mal „Stubborn Kind of Fellow” hörte, war er so aufgeregt, dass er die Kontrolle über sein Auto verlor, als er mit Phil Spector den Sunset Boulevard entlang fuhr.","Als Jack Nitzsche zum ersten Mal von „Stubborn Kind of Fellow“ hörte, war er so aufgeregt, dass er die Kontrolle über sein Auto verlor, als er mit Phil Spector den Sunset Boulevard entlang fuhr.",78.21558702951631,89.36649262859412,11.76470588235294,19094,good,do-not-translate
155,When Jack Nitzsche first heard ``Stubborn Kind of Fellow ''he was so excited he lost control of his car while driving down Sunset Boulevard with Phil Spector.,"Als Jack Nitzsche das erste Mal „Störrischer Kerl” hörte, war er so aufgeregt, dass er die Kontrolle über sein Auto verlor, als er mit Phil Spector den Sunset Boulevard entlang fuhr.","Als Jack Nitzsche zum ersten Mal von „Stubborn Kind of Fellow“ hörte, war er so aufgeregt, dass er die Kontrolle über sein Auto verlor, als er mit Phil Spector den Sunset Boulevard entlang fuhr.",74.3700575418089,79.40000258358401,20.588235294117645,19094,bad,do-not-translate
156,Statesboro -- Bulloch County Airport is the home of the U.S. Auxiliary's Air Force; Statesboro ``Eagle ''Composite Squadron (GA451) of Civil Air Patrol. www.statesborocap.com.,Der Statesboro -- Bulloch County Airport ist die Heimat der US Air Force Auxiliary's Statesboro „Eagle'' Composite Squadron (GA451) der Civil Air Patrol. www.statesborocap.com,Statesboro -- Bulloch County Airport ist die Heimat der U.S. Auxiliary's Air Force; Statesboro „Eagle“ Composite Squadron (GA451) der Civil Air Patrol. www.statesborocap.com.,65.42584642955434,89.35369996976938,26.08695652173913,19095,good,do-not-translate
157,Statesboro -- Bulloch County Airport is the home of the U.S. Auxiliary's Air Force; Statesboro ``Eagle ''Composite Squadron (GA451) of Civil Air Patrol. www.statesborocap.com.,Der Statesboro -- Flughafen von Bulloch County ist die Heimat der US Air Force Auxiliary's Statesboro „Eagle'' Composite Squadron (GA451) der Civil Air Patrol. www.statesborocap.com,Statesboro -- Bulloch County Airport ist die Heimat der U.S. Auxiliary's Air Force; Statesboro „Eagle“ Composite Squadron (GA451) der Civil Air Patrol. www.statesborocap.com.,53.81263445593427,80.97793528962728,39.130434782608695,19095,bad,do-not-translate
158,"The album was recorded in Los Angeles, California by Aníbal Kerpel. Mixed in ``La Casa ''studies in Los Angeles.","""Dieses Album wurde in Los Angeles, Kalifornien, von Aníbal Kerpel aufgenommen, gemischt bei """"La Casa""""-Studien in Los Angeles.""","Das Album wurde in Los Angeles, Kalifornien, von Aníbal Kerpel aufgenommen und im Studio „La Casa“ in Los Angeles abgemischt.",43.59647211990739,77.5510864814231,45.0,19096,good,do-not-translate
159,"The album was recorded in Los Angeles, California by Aníbal Kerpel. Mixed in ``La Casa ''studies in Los Angeles.","""Dieses Album wurde in Los Angeles, Kalifornien, von Aníbal Kerpel aufgenommen, gemischt bei """"Das Haus""""-Studien in Los Angeles.""","Das Album wurde in Los Angeles, Kalifornien, von Aníbal Kerpel aufgenommen und im Studio „La Casa“ in Los Angeles abgemischt.",44.262259673703156,75.18470812242171,45.0,19096,bad,do-not-translate
160,The original team was produced by the writer Sal Buscema and artist Roy Thomas in ``The Avengers ''# 71 (December 1969).,Das Originalteam wurde vom Autor Sal Buscema und Zeichner Roy Thomas in „The Avengers“ Nr. 71 (Dezember 1969) geschaffen.,Das ursprüngliche Team wurde vom Schriftsteller Sal Buscema und dem Künstler Roy Thomas in „The Avengers“ Nr. 71 (Dezember 1969) produziert.,54.38943137738411,59.595170282282176,28.57142857142857,19097,good,do-not-translate
161,The original team was produced by the writer Sal Buscema and artist Roy Thomas in ``The Avengers ''# 71 (December 1969).,Das Originalteam wurde vom Autor Sal Buscema und Zeichner Roy Thomas in „Die Avengers“ Nr. 71 (Dezember 1969) geschaffen.,Das ursprüngliche Team wurde vom Schriftsteller Sal Buscema und dem Künstler Roy Thomas in „The Avengers“ Nr. 71 (Dezember 1969) produziert.,41.163637617755036,55.772136564064944,33.33333333333333,19097,bad,do-not-translate
162,"Dance was one of the inspirations for the exodus - song ``The Toxic Waltz '', from their 1989 album`` Fabulous Disaster''.","Der Tanz war eine der Inspirationen für den Exodus-Song „The Toxic Waltz“, von ihrem 1989er Album „Fabulous Disaster''.",Dance war eine der Inspirationen für das Exodus-Lied „The Toxic Waltz“ von ihrem 1989er Album „Fabulous Disaster“.,42.849450901003145,78.9628236142824,35.294117647058826,19098,good,do-not-translate
163,"Dance was one of the inspirations for the exodus - song ``The Toxic Waltz '', from their 1989 album`` Fabulous Disaster''.","Der Tanz war eine der Inspirationen für den Exodus-Song „The Toxic Waltz“, von ihrem 1989er Album „Fabelhafte Katastrophe''.",Dance war eine der Inspirationen für das Exodus-Lied „The Toxic Waltz“ von ihrem 1989er Album „Fabulous Disaster“.,36.68498416409449,66.96870344330776,41.17647058823529,19098,bad,do-not-translate
164,"The first track, ``Every Morning ''is the acoustic guitar version of the last track`` Morning''.",Der erste Track „Every Morning“ ist die akustische Gitarrenversion des letzten Tracks „Morning“.,"Der erste Track „Every Morning“, ist die akustische Gitarrenversion des letzten Titels „Morning“.",61.42150942225169,88.00102769686015,15.384615384615385,19099,good,do-not-translate
165,"The first track, ``Every Morning ''is the acoustic guitar version of the last track`` Morning''.",Der erste Track „Jeden Morgen“ ist die akustische Gitarrenversion des letzten Tracks „Morning“.,"Der erste Track „Every Morning“, ist die akustische Gitarrenversion des letzten Titels „Morning“.",45.07763457323718,74.94462441505073,23.076923076923077,19099,bad,do-not-translate
166,"In July 2016, she appeared as Joseph Conrad in ``The Secret Agent '', based on the same novel by Winnie Verloc.","Im Juli 2016 spielte sie Joseph Conrad in „The Secret Agent“, nach dem gleichnamigen Roman von Winnie Verloc.","Im Juli 2016 trat sie als Joseph Conrad in „The Secret Agent“ auf, basierend auf dem gleichnamigen Roman von Winnie Verloc.",52.730033384917256,73.28655313884914,28.57142857142857,19100,good,do-not-translate
167,"In July 2016, she appeared as Joseph Conrad in ``The Secret Agent '', based on the same novel by Winnie Verloc.","Im Juli 2016 spielte sie Joseph Conrad in „Der Geheimagent“, nach dem gleichnamigen Roman von Winnie Verloc.","Im Juli 2016 trat sie als Joseph Conrad in „The Secret Agent“ auf, basierend auf dem gleichnamigen Roman von Winnie Verloc.",37.34505925228882,62.02773917671757,38.095238095238095,19100,bad,do-not-translate
168,"This album was recorded in Los Angeles, California by Aníbal Kerpel, mixed in ``La Casa ''studies in Los Angeles.","Das Album wurde in Los Angeles von Aníbal Kerpel aufgenommen und in den „La Casa” Studios in Los Angeles, Kalifornien abgemischt.",Dieses Album wurde in Los Angeles in Kalifornien von Aníbal Kerpel aufgenommen und in den „La Casa“-Studios in Los Angeles gemischt.,52.690039305566096,83.15080285863588,33.33333333333333,19101,good,do-not-translate
169,"This album was recorded in Los Angeles, California by Aníbal Kerpel, mixed in ``La Casa ''studies in Los Angeles.","Das Album wurde in Los Angeles von Aníbal Kerpel aufgenommen und in den „Das Haus” Studios in Los Angeles, Kalifornien abgemischt.",Dieses Album wurde in Los Angeles in Kalifornien von Aníbal Kerpel aufgenommen und in den „La Casa“-Studios in Los Angeles gemischt.,47.71512105691512,78.39504537345837,38.095238095238095,19101,bad,do-not-translate
170,"His wife was Klára Csabi, and their son Ferenc Wathay was also a famous commander and author of the ``Songbook of Ferenc Wathay ''.","""Seine Frau war Klára Csabi, und ihr Sohn Ferenc Wathay war auch ein berühmter Kommandant und Autor des """"Songbook of Ferenc Wathay"""".""","Seine Frau war Klára Csabi, und ihr Sohn Ferenc Wathay war auch ein berühmter Kommandant und Autor des „Songbook of Ferenc Wathay“.",64.48014930605451,94.3069263962034,13.636363636363635,19102,good,do-not-translate
171,"His wife was Klára Csabi, and their son Ferenc Wathay was also a famous commander and author of the ``Songbook of Ferenc Wathay ''.","""Seine Frau war Klára Csabi, und ihr Sohn Ferenc Wathay war auch ein berühmter Kommandant und Autor des """"Liederbuch von Ferenc Wathay"""".""","Seine Frau war Klára Csabi, und ihr Sohn Ferenc Wathay war auch ein berühmter Kommandant und Autor des „Songbook of Ferenc Wathay“.",62.87889686741656,85.2021761263165,18.181818181818183,19102,bad,do-not-translate
172,"In 1960, John T. Driscoll and Patrick F. McDonough ran for Treasurer and Receiver - General of Massachusetts, he was third in the democratic primary behind Kennedy.",1960 kandidierten John T. Driscoll und Patrick F. McDonough für das Amt des Treasurer and Receiver-General of Massachusetts. Er wurde bei den Vorwahlen der demokratischen Partei dritter hinter Kennedy.,1960 kandidierten John T. Driscoll und Patrick F. McDonough für den Posten des „Treasurer and Receiver - General of Massachusetts“; er wurde bei den demokratischen Vorwahlen Dritter hinter Kennedy.,44.13407167202888,85.40608399126918,34.48275862068966,19103,good,do-not-translate
173,"In 1960, John T. Driscoll and Patrick F. McDonough ran for Treasurer and Receiver - General of Massachusetts, he was third in the democratic primary behind Kennedy.",1960 kandidierten John T. Driscoll und Patrick F. McDonough für das Amt des Schatzmeister und Empfänger-General of Massachusetts. Er wurde bei den Vorwahlen der demokratischen Partei dritter hinter Kennedy.,1960 kandidierten John T. Driscoll und Patrick F. McDonough für den Posten des „Treasurer and Receiver - General of Massachusetts“; er wurde bei den demokratischen Vorwahlen Dritter hinter Kennedy.,43.646327508770504,76.15832054480606,37.93103448275862,19103,bad,do-not-translate
174,"The album was recorded in Los Angeles by Aníbal Kerpel. Mixed in ``La Casa ''studies in Los Angeles, California.",Das Album wurde in Los Angeles in Kalifornien von Anibal Kerpel aufgenommen und in den „La Casa“-Studios in Los Angeles gemischt.,Das Album wurde von Aníbal Kerpel in Los Angeles aufgenommen. Gemischt wurde es in den „La Casa“-Studios in Los Angeles in Kalifornien.,46.98880951842201,77.66926159043703,45.45454545454545,19104,good,do-not-translate
175,"The album was recorded in Los Angeles by Aníbal Kerpel. Mixed in ``La Casa ''studies in Los Angeles, California.",Das Album wurde in Los Angeles in Kalifornien von Anibal Kerpel aufgenommen und in den „Das Haus“-Studios in Los Angeles gemischt.,Das Album wurde von Aníbal Kerpel in Los Angeles aufgenommen. Gemischt wurde es in den „La Casa“-Studios in Los Angeles in Kalifornien.,27.898775883602383,70.56261140835116,54.54545454545454,19104,bad,do-not-translate
176,"The station was established by the British Falkland Islands Dependencies Survey as Station F, or ``Winter Island '', on Argentine Islands in 1947.",Die Station wurde 1947 vom British Falkland Islands Dependencies Survey als Station F oder „Winter Island“ auf den Argentinischen Inseln errichtet.,Die Station auf Argentine Island wurde 1947 von der British Falkland Islands Dependencies Survey unter dem Namen „Station F“ oder „Winter Island“ errichtet.,25.572208061122033,69.91880556649267,56.52173913043478,19105,good,do-not-translate
177,"The station was established by the British Falkland Islands Dependencies Survey as Station F, or ``Winter Island '', on Argentine Islands in 1947.",Die Station wurde 1947 vom British Falkland Islands Dependencies Survey als Station F oder „Winterinsel“ auf den Argentinischen Inseln errichtet.,Die Station auf Argentine Island wurde 1947 von der British Falkland Islands Dependencies Survey unter dem Namen „Station F“ oder „Winter Island“ errichtet.,21.52470671673483,65.26594991949467,56.52173913043478,19105,bad,do-not-translate
178,``Taunton Castle ''was on August 1 in Rio de Janeiro and on October 31 in Penang.,„Taunton Castle” war am 1. August in Rio de Janeiro und am 31. Oktober in Penang.,„Taunton Castle“ war am 1. August in Rio de Janeiro und am 31. Oktober in Penang.,89.79542144404238,94.4117728926527,6.25,19106,good,do-not-translate
179,``Taunton Castle ''was on August 1 in Rio de Janeiro and on October 31 in Penang.,„Schloss Taunton” war am 1. August in Rio de Janeiro und am 31. Oktober in Penang.,„Taunton Castle“ war am 1. August in Rio de Janeiro und am 31. Oktober in Penang.,88.52140475440834,83.87374251385656,12.5,19106,bad,do-not-translate
180,"The BBC World Service also broadcasted a version called ``Animal, Vegetable and Mineral '', chaired by Michael Flanders, with a panel including Terry Wogan.","Der BBC World Service sendete auch eine Version mit dem Titel „Animal, Vegetable and Mineral“, die von Michael Flanders geleitet wurde und zu deren Teilnehmern Terry Wogan gehörte.","Der BBC World Service sendete ebenfalls eine Version mit dem Namen „Animal, Vegetable and Mineral“, bei dem Michael Flanders die Leitung innehatte und Terry Wogan teilnahm.",38.52355651798958,64.58857881599486,42.30769230769231,19107,good,do-not-translate
181,"The BBC World Service also broadcasted a version called ``Animal, Vegetable and Mineral '', chaired by Michael Flanders, with a panel including Terry Wogan.","Der BBC World Service sendete auch eine Version mit dem Titel „Tier, Gemüse und Mineral“, die von Michael Flanders geleitet wurde und zu deren Teilnehmern Terry Wogan gehörte.","Der BBC World Service sendete ebenfalls eine Version mit dem Namen „Animal, Vegetable and Mineral“, bei dem Michael Flanders die Leitung innehatte und Terry Wogan teilnahm.",24.785716080074156,54.409667752711734,53.84615384615385,19107,bad,do-not-translate
182,"``gravityWall ''was used as the first opening theme for the anime television series``, while ``sh0ut'' was used as the second opening theme.","„gravityWall“ wurde als erste Titelmusik für die Anime-TV-Serie verwendet, während „sh0out“ als zweite Titelmusik verwendet wurde.","""Gravity Wall wurde als erstes Eröffnungsthema für die Anime-Fernsehserie verwendet, während """"sh0ut"""" als zweites Leitmotiv für die Eröffnung diente.""",7.589055314273105,46.837528437008224,63.1578947368421,19108,good,do-not-translate
183,"``gravityWall ''was used as the first opening theme for the anime television series``, while ``sh0ut'' was used as the second opening theme.","Die „Wand der Schwerkraft“ wurde als erste Titelmusik für die Anime-TV-Serie verwendet, während „sh0out“ als zweite Titelmusik verwendet wurde.","""Gravity Wall wurde als erstes Eröffnungsthema für die Anime-Fernsehserie verwendet, während """"sh0ut"""" als zweites Leitmotiv für die Eröffnung diente.""",7.950878913103566,42.599447808086296,68.42105263157895,19108,bad,do-not-translate
184,"In a 1985 episode of ``The Tonight Show Starring Johnny Carson '', Johnny mentions the story and tells sidekick Ed McMahon the plot.","""In einer Episode von """"The Tonight Show with Johnny Carson"""" im Jahr 1985 erwähnt Johnny die Geschichte und erzählt sie seinem Kollegen Ed McMahon.""",In einer 1985er Episode von „The Tonight Show Starring Johnny Carson“ erwähnt Johnny die Geschichte und erzählt dem Kumpel Ed McMahon die Handlung.,21.871380195021104,66.80330598637985,60.86956521739131,19109,good,do-not-translate
185,"In a 1985 episode of ``The Tonight Show Starring Johnny Carson '', Johnny mentions the story and tells sidekick Ed McMahon the plot.","""In einer Episode von """"Die Tonight Show mit Johnny Carson"""" im Jahr 1985 erwähnt Johnny die Geschichte und erzählt sie seinem Kollegen Ed McMahon.""",In einer 1985er Episode von „The Tonight Show Starring Johnny Carson“ erwähnt Johnny die Geschichte und erzählt dem Kumpel Ed McMahon die Handlung.,21.871380195021104,65.41249172655354,60.86956521739131,19109,bad,do-not-translate
186,The music that is performed as Blackadder courts ''Bob ``is'' Fantasia on greensleeves ''by Vaughan Williams.,"Die Musik, die gespielt wird, als Blackadder um „Bob“ wirbt, ist Vaughan Williams '„Fantasia on Greensleeves“.","""Die Musik, die gespielt wird, als Blackadder """"Bob"""" den Hof macht, ist """"Fantasia on greensleeves"""" von Vaughan Williams.""",26.477817988188022,66.29141480492275,61.111111111111114,19110,good,do-not-translate
187,The music that is performed as Blackadder courts ''Bob ``is'' Fantasia on greensleeves ''by Vaughan Williams.,"Die Musik, die gespielt wird, als Blackadder um „Bob“ wirbt, ist Vaughan Williams '„Fantasie auf Greensleeves“.","""Die Musik, die gespielt wird, als Blackadder """"Bob"""" den Hof macht, ist """"Fantasia on greensleeves"""" von Vaughan Williams.""",26.02503885644768,63.705784359952865,61.111111111111114,19110,bad,do-not-translate
188,The music performed as Bob courts ``Blackadder ''is Vaughan Williams'`` Fantasia on Greensleeves''.,"Die Musik, die als Bob „Blackadder” aufgeführt wird, ist „Fantasia on Greensleeves” von Vaughan Williams.","Die Musik, die gespielt wird, als Bob um „Blackadder“ wirbt, ist Vaughan Williams' „Fantasia on Greensleeves“.",19.965479161904646,65.73846500987271,62.5,19111,good,do-not-translate
189,The music performed as Bob courts ``Blackadder ''is Vaughan Williams'`` Fantasia on Greensleeves''.,"Die Musik, die als Bob „Blackadder” aufgeführt wird, ist „Fantasie auf Greensleeves” von Vaughan Williams.","Die Musik, die gespielt wird, als Bob um „Blackadder“ wirbt, ist Vaughan Williams' „Fantasia on Greensleeves“.",18.42490992269057,60.63757560252457,68.75,19111,bad,do-not-translate
190,Around the World in 80 Minutes with Douglas Fairbanks is a 1931 American Pre-Code documentary film directed by Douglas Fairbanks and Victor Fleming and written by Robert E. Sherwood.,"„In 80 minutes around the world“ mit Douglas Fairbanks, ein amerikanischer Precode-Dokumentarfilm von 1931, wird von Douglas Fairbanks und Victor Fleming sowie von Robert E. Sherwood gedreht.","""""""Around the World in 80 Minutes"""" mit Douglas Fairbanks ist ein amerikanischer Pre-Code Dokumentarfilm von 1931, der von Douglas Fairbanks und Victor Fleming gedreht und von Robert E. Sherwood geschrieben wurde.""",27.84016835255667,69.58692122811321,48.38709677419355,19112,good,do-not-translate
191,Around the World in 80 Minutes with Douglas Fairbanks is a 1931 American Pre-Code documentary film directed by Douglas Fairbanks and Victor Fleming and written by Robert E. Sherwood.,"„In 80 Minuten um die Welt“ mit Douglas Fairbanks, ein amerikanischer Precode-Dokumentarfilm von 1931, wird von Douglas Fairbanks und Victor Fleming sowie von Robert E. Sherwood gedreht.","""""""Around the World in 80 Minutes"""" mit Douglas Fairbanks ist ein amerikanischer Pre-Code Dokumentarfilm von 1931, der von Douglas Fairbanks und Victor Fleming gedreht und von Robert E. Sherwood geschrieben wurde.""",27.532494958653697,68.289801312532,48.38709677419355,19112,bad,do-not-translate
192,"On March 5, 2011, MTV Hive posted a streaming link to Rihanna, performing Anni Rossi ``Rude Boy ''.","Am 5. März 2011 veröffentlichte MTV Hive einen Streaming-Link zu Rihanna, die „Rude Boy” von Anni Rossi performte.",Am 5. März 2011 veröffentlichte MTV Hive einen Streaming-Link zu Rihanna mit Anni Rossi „Rude Boy“.,58.89346209976518,85.699066410196,37.5,19113,good,do-not-translate
193,"On March 5, 2011, MTV Hive posted a streaming link to Rihanna, performing Anni Rossi ``Rude Boy ''.","Am 5. März 2011 veröffentlichte MTV Hive einen Streaming-Link zu Rihanna, die „Unhöflicher Junge” von Anni Rossi performte.",Am 5. März 2011 veröffentlichte MTV Hive einen Streaming-Link zu Rihanna mit Anni Rossi „Rude Boy“.,57.95086255869998,78.48193220680031,43.75,19113,bad,do-not-translate
194,"Asked how to say his name, he told ``The Literary Digest ''My name is pronounced as if`` ear '; en-house'' spelled.","Danach gefragt wie man seinen Namen aussprach, sagte er „The Literary Digest”: „Mein Name wird so ausgesprochen wie er geschrieben wird ,Ear´en-house‘”.","Auf die Frage, wie sein Name ausgesprochen wird, sagte er zu „The Literary Digest“. Mein Name wird wie „ear“ ausgesprochen, buchstabiert „en-house“.",9.387589655545307,52.41978794266042,72.72727272727273,19114,good,do-not-translate
195,"Asked how to say his name, he told ``The Literary Digest ''My name is pronounced as if`` ear '; en-house'' spelled.","Danach gefragt wie man seinen Namen aussprach, sagte er „Die Literarische Zusammenfassung”: „Mein Name wird so ausgesprochen wie er geschrieben wird ,Ear´en-house‘”.","Auf die Frage, wie sein Name ausgesprochen wird, sagte er zu „The Literary Digest“. Mein Name wird wie „ear“ ausgesprochen, buchstabiert „en-house“.",8.515083825987686,45.333364004873786,81.81818181818183,19114,bad,do-not-translate
196,"``Cosmic Explorer ''was released on April 6, 2016, by Universal J Japan, Universal Music, and Perfume Records in four different formats.","„Cosmic Explorer“ wurde am 6. April 2016 in vier verschiedenen Formaten von Universal J Japan, Universal Music und Perfume Records veröffentlicht.","„Cosmic Explorer“ wurde am 6. April 2016 von Universal J Japan, Universal Music und Perfume Records in vier verschiedenen Formaten veröffentlicht.",79.10080071560178,94.5461725863877,4.761904761904762,19115,good,do-not-translate
197,"``Cosmic Explorer ''was released on April 6, 2016, by Universal J Japan, Universal Music, and Perfume Records in four different formats.","„Der Kosmische Entdecker“ wurde am 6. April 2016 in vier verschiedenen Formaten von Universal J Japan, Universal Music und Perfume Records veröffentlicht.","„Cosmic Explorer“ wurde am 6. April 2016 von Universal J Japan, Universal Music und Perfume Records in vier verschiedenen Formaten veröffentlicht.",66.94660144597177,84.9184965764183,19.047619047619047,19115,bad,do-not-translate
198,In the new TV-series ''Dead Gorgeous'' Hazel played the role of the youngest sister Alexandra Coppinger.,"Hazel spielte die Rolle von Alexandra Coppinger, der jüngsten Schwester in der neuen Fernsehserie „Dead Gorgeous”.",In der neuen TV-Serie „Dead Gorgeous“ spielte Hazel die Rolle der jüngsten Schwester Alexandra Coppinger.,14.503996062829852,73.94372734335907,66.66666666666666,19116,good,do-not-translate
199,In the new TV-series ''Dead Gorgeous'' Hazel played the role of the youngest sister Alexandra Coppinger.,"Hazel spielte die Rolle von Alexandra Coppinger, der jüngsten Schwester in der neuen Fernsehserie „Die Geister von Ainsbury”.",In der neuen TV-Serie „Dead Gorgeous“ spielte Hazel die Rolle der jüngsten Schwester Alexandra Coppinger.,12.673718536830808,61.93824057375882,80.0,19116,bad,do-not-translate
